"","Direction","Pathways","statistic","nGenes","adj.Pval","Genes"
"Microtubule binding","Down","Microtubule binding","-6.1231",205,5.8e-07,"GOHIR.A01G003700 GOHIR.A01G036700 GOHIR.A01G073700 GOHIR.A01G084700 GOHIR.A01G094300 GOHIR.A01G094400 GOHIR.A01G122300 GOHIR.A01G146400 GOHIR.A01G192600 GOHIR.A01G205200 GOHIR.A02G040800 GOHIR.A02G080300 GOHIR.A02G086900 GOHIR.A02G155100 GOHIR.A02G156000 GOHIR.A02G179100 GOHIR.A03G016500 GOHIR.A03G036500 GOHIR.A03G065600 GOHIR.A03G074500 GOHIR.A03G126700 GOHIR.A03G168450 GOHIR.A03G190800 GOHIR.A03G199200 GOHIR.A04G004200 GOHIR.A04G011800 GOHIR.A04G022500 GOHIR.A04G053900 GOHIR.A04G079500 GOHIR.A04G082500 GOHIR.A04G123800 GOHIR.A04G143000 GOHIR.A05G023000 GOHIR.A05G077400 GOHIR.A05G099500 GOHIR.A05G167600 GOHIR.A05G185600 GOHIR.A05G188300 GOHIR.A05G204800 GOHIR.A05G218500 GOHIR.A05G219500 GOHIR.A05G236600 GOHIR.A05G308700 GOHIR.A05G327500 GOHIR.A05G411200 GOHIR.A06G006100 GOHIR.A06G025300 GOHIR.A06G032400 GOHIR.A06G154800 GOHIR.A07G033700 GOHIR.A07G039300 GOHIR.A07G066700 GOHIR.A07G126500 GOHIR.A08G031600 GOHIR.A08G082800 GOHIR.A08G118200 GOHIR.A08G134000 GOHIR.A08G241200 GOHIR.A09G044000 GOHIR.A09G047800 GOHIR.A09G062600 GOHIR.A09G067100 GOHIR.A09G129000 GOHIR.A09G140300 GOHIR.A09G178400 GOHIR.A09G194400 GOHIR.A09G238500 GOHIR.A10G016600 GOHIR.A10G080500 GOHIR.A10G109600 GOHIR.A10G131200 GOHIR.A10G164500 GOHIR.A10G190200 GOHIR.A10G202600 GOHIR.A11G005600 GOHIR.A11G081500 GOHIR.A11G177400 GOHIR.A11G195800 GOHIR.A11G206600 GOHIR.A11G210000 GOHIR.A11G257100 GOHIR.A11G264900 GOHIR.A11G271000 GOHIR.A11G295600 GOHIR.A11G307601 GOHIR.A12G011500 GOHIR.A12G060650 GOHIR.A12G085600 GOHIR.A12G152200 GOHIR.A12G222200 GOHIR.A12G228300 GOHIR.A12G256300 GOHIR.A12G267100 GOHIR.A13G031200 GOHIR.A13G090700 GOHIR.A13G110800 GOHIR.A13G135300 GOHIR.A13G136400 GOHIR.A13G189100 GOHIR.D01G003701 GOHIR.D01G013100 GOHIR.D01G024000 GOHIR.D01G060300 GOHIR.D01G071100 GOHIR.D01G078800 GOHIR.D01G078900 GOHIR.D01G109700 GOHIR.D01G139600 GOHIR.D01G177200 GOHIR.D01G194700 GOHIR.D02G046400 GOHIR.D02G088200 GOHIR.D02G091850 GOHIR.D02G137500 GOHIR.D02G150100 GOHIR.D02G191600 GOHIR.D02G211800 GOHIR.D02G220500 GOHIR.D03G000600 GOHIR.D03G024700 GOHIR.D03G025600 GOHIR.D03G063300 GOHIR.D03G092100 GOHIR.D03G101000 GOHIR.D03G131700 GOHIR.D03G151400 GOHIR.D04G004800 GOHIR.D04G097300 GOHIR.D04G118700 GOHIR.D04G121500 GOHIR.D04G165900 GOHIR.D04G186300 GOHIR.D05G024500 GOHIR.D05G080200 GOHIR.D05G099400 GOHIR.D05G170600 GOHIR.D05G178800 GOHIR.D05G188400 GOHIR.D05G191400 GOHIR.D05G208100 GOHIR.D05G221200 GOHIR.D05G222000 GOHIR.D05G238800 GOHIR.D05G309400 GOHIR.D05G327700 GOHIR.D05G364900 GOHIR.D05G374800 GOHIR.D05G385900 GOHIR.D06G001900 GOHIR.D06G019027 GOHIR.D06G022400 GOHIR.D06G031600 GOHIR.D06G144300 GOHIR.D06G162700 GOHIR.D07G037233 GOHIR.D07G037266 GOHIR.D07G043500 GOHIR.D07G071300 GOHIR.D07G130600 GOHIR.D08G042700 GOHIR.D08G092200 GOHIR.D08G139200 GOHIR.D08G155200 GOHIR.D08G261900 GOHIR.D09G045300 GOHIR.D09G049000 GOHIR.D09G061500 GOHIR.D09G066700 GOHIR.D09G125000 GOHIR.D09G134200 GOHIR.D09G174000 GOHIR.D09G188700 GOHIR.D09G239400 GOHIR.D10G016700 GOHIR.D10G070800 GOHIR.D10G135500 GOHIR.D10G157500 GOHIR.D10G170700 GOHIR.D10G198000 GOHIR.D10G210800 GOHIR.D11G004700 GOHIR.D11G086100 GOHIR.D11G185200 GOHIR.D11G201800 GOHIR.D11G213200 GOHIR.D11G217000 GOHIR.D11G267000 GOHIR.D11G275100 GOHIR.D11G281200 GOHIR.D11G311300 GOHIR.D11G323100 GOHIR.D12G011900 GOHIR.D12G060800 GOHIR.D12G083700 GOHIR.D12G155666 GOHIR.D12G155732 GOHIR.D12G224700 GOHIR.D12G230801 GOHIR.D12G257600 GOHIR.D12G267600 GOHIR.D13G029200 GOHIR.D13G113600 GOHIR.D13G139800 GOHIR.D13G140800 GOHIR.D13G196100"
"Microtubule-based movement","Down","Microtubule-based movement","-5.6978",178,1.6e-06,"GOHIR.A01G003700 GOHIR.A01G036700 GOHIR.A01G073700 GOHIR.A01G094300 GOHIR.A01G094400 GOHIR.A01G122300 GOHIR.A01G192600 GOHIR.A01G205200 GOHIR.A02G040800 GOHIR.A02G080300 GOHIR.A02G086900 GOHIR.A02G156000 GOHIR.A02G179100 GOHIR.A03G016500 GOHIR.A03G036500 GOHIR.A03G074500 GOHIR.A03G190800 GOHIR.A03G199200 GOHIR.A04G004200 GOHIR.A04G022500 GOHIR.A04G053900 GOHIR.A04G079500 GOHIR.A04G082500 GOHIR.A04G123800 GOHIR.A05G023000 GOHIR.A05G077400 GOHIR.A05G099500 GOHIR.A05G167600 GOHIR.A05G185600 GOHIR.A05G188300 GOHIR.A05G204800 GOHIR.A05G218500 GOHIR.A05G219500 GOHIR.A05G236600 GOHIR.A05G327500 GOHIR.A05G411200 GOHIR.A06G006100 GOHIR.A06G025300 GOHIR.A06G032300 GOHIR.A06G032400 GOHIR.A07G066700 GOHIR.A07G126500 GOHIR.A08G031600 GOHIR.A08G082800 GOHIR.A08G118200 GOHIR.A08G241200 GOHIR.A09G047800 GOHIR.A09G062600 GOHIR.A09G067100 GOHIR.A09G129000 GOHIR.A09G140300 GOHIR.A09G194400 GOHIR.A09G238500 GOHIR.A10G016600 GOHIR.A10G080500 GOHIR.A10G109600 GOHIR.A10G131200 GOHIR.A10G164450 GOHIR.A10G164500 GOHIR.A10G202600 GOHIR.A11G005600 GOHIR.A11G081500 GOHIR.A11G177400 GOHIR.A11G195800 GOHIR.A11G206600 GOHIR.A11G210000 GOHIR.A11G257100 GOHIR.A11G264900 GOHIR.A11G271000 GOHIR.A11G295600 GOHIR.A11G307601 GOHIR.A12G060650 GOHIR.A12G085600 GOHIR.A12G199600 GOHIR.A12G205700 GOHIR.A12G222200 GOHIR.A12G228300 GOHIR.A12G256300 GOHIR.A12G267100 GOHIR.A13G031200 GOHIR.A13G090700 GOHIR.A13G110800 GOHIR.A13G135300 GOHIR.A13G189100 GOHIR.D01G003701 GOHIR.D01G024000 GOHIR.D01G052250 GOHIR.D01G060300 GOHIR.D01G078800 GOHIR.D01G078900 GOHIR.D01G109700 GOHIR.D01G136900 GOHIR.D01G177200 GOHIR.D01G194700 GOHIR.D02G046400 GOHIR.D02G088200 GOHIR.D02G091850 GOHIR.D02G117300 GOHIR.D02G211800 GOHIR.D02G220500 GOHIR.D03G000600 GOHIR.D03G024700 GOHIR.D03G063300 GOHIR.D03G101000 GOHIR.D03G131700 GOHIR.D03G151400 GOHIR.D04G004800 GOHIR.D04G097300 GOHIR.D04G118700 GOHIR.D04G121500 GOHIR.D04G165900 GOHIR.D05G024500 GOHIR.D05G080200 GOHIR.D05G099400 GOHIR.D05G166100 GOHIR.D05G170600 GOHIR.D05G188400 GOHIR.D05G191400 GOHIR.D05G208100 GOHIR.D05G221200 GOHIR.D05G222000 GOHIR.D05G238800 GOHIR.D05G327700 GOHIR.D05G364900 GOHIR.D05G385900 GOHIR.D06G001900 GOHIR.D06G019027 GOHIR.D06G022400 GOHIR.D06G031500 GOHIR.D06G031600 GOHIR.D06G085800 GOHIR.D06G144300 GOHIR.D07G037266 GOHIR.D07G071300 GOHIR.D07G130600 GOHIR.D08G042700 GOHIR.D08G092200 GOHIR.D08G139200 GOHIR.D08G261900 GOHIR.D09G049000 GOHIR.D09G061500 GOHIR.D09G066700 GOHIR.D09G125000 GOHIR.D09G134200 GOHIR.D09G188700 GOHIR.D09G239400 GOHIR.D10G016700 GOHIR.D10G070800 GOHIR.D10G135500 GOHIR.D10G157500 GOHIR.D10G170700 GOHIR.D10G210800 GOHIR.D11G004700 GOHIR.D11G086100 GOHIR.D11G181800 GOHIR.D11G185200 GOHIR.D11G201800 GOHIR.D11G213200 GOHIR.D11G217000 GOHIR.D11G267000 GOHIR.D11G275100 GOHIR.D11G281200 GOHIR.D11G311300 GOHIR.D11G323100 GOHIR.D12G060800 GOHIR.D12G078700 GOHIR.D12G083700 GOHIR.D12G224700 GOHIR.D12G230801 GOHIR.D12G257600 GOHIR.D12G267600 GOHIR.D13G029200 GOHIR.D13G113600 GOHIR.D13G115066 GOHIR.D13G139800 GOHIR.D13G196100 GOHIR.D13G226300 GOHIR.D13G230800"
"Kinesin complex","Down","Kinesin complex","-5.6978",178,1.6e-06,"GOHIR.A01G003700 GOHIR.A01G036700 GOHIR.A01G073700 GOHIR.A01G094300 GOHIR.A01G094400 GOHIR.A01G122300 GOHIR.A01G192600 GOHIR.A01G205200 GOHIR.A02G040800 GOHIR.A02G080300 GOHIR.A02G086900 GOHIR.A02G156000 GOHIR.A02G179100 GOHIR.A03G016500 GOHIR.A03G036500 GOHIR.A03G074500 GOHIR.A03G190800 GOHIR.A03G199200 GOHIR.A04G004200 GOHIR.A04G022500 GOHIR.A04G053900 GOHIR.A04G079500 GOHIR.A04G082500 GOHIR.A04G123800 GOHIR.A05G023000 GOHIR.A05G077400 GOHIR.A05G099500 GOHIR.A05G167600 GOHIR.A05G185600 GOHIR.A05G188300 GOHIR.A05G204800 GOHIR.A05G218500 GOHIR.A05G219500 GOHIR.A05G236600 GOHIR.A05G327500 GOHIR.A05G411200 GOHIR.A06G006100 GOHIR.A06G025300 GOHIR.A06G032300 GOHIR.A06G032400 GOHIR.A07G066700 GOHIR.A07G126500 GOHIR.A08G031600 GOHIR.A08G082800 GOHIR.A08G118200 GOHIR.A08G241200 GOHIR.A09G047800 GOHIR.A09G062600 GOHIR.A09G067100 GOHIR.A09G129000 GOHIR.A09G140300 GOHIR.A09G194400 GOHIR.A09G238500 GOHIR.A10G016600 GOHIR.A10G080500 GOHIR.A10G109600 GOHIR.A10G131200 GOHIR.A10G164450 GOHIR.A10G164500 GOHIR.A10G202600 GOHIR.A11G005600 GOHIR.A11G081500 GOHIR.A11G177400 GOHIR.A11G195800 GOHIR.A11G206600 GOHIR.A11G210000 GOHIR.A11G257100 GOHIR.A11G264900 GOHIR.A11G271000 GOHIR.A11G295600 GOHIR.A11G307601 GOHIR.A12G060650 GOHIR.A12G085600 GOHIR.A12G199600 GOHIR.A12G205700 GOHIR.A12G222200 GOHIR.A12G228300 GOHIR.A12G256300 GOHIR.A12G267100 GOHIR.A13G031200 GOHIR.A13G090700 GOHIR.A13G110800 GOHIR.A13G135300 GOHIR.A13G189100 GOHIR.D01G003701 GOHIR.D01G024000 GOHIR.D01G052250 GOHIR.D01G060300 GOHIR.D01G078800 GOHIR.D01G078900 GOHIR.D01G109700 GOHIR.D01G136900 GOHIR.D01G177200 GOHIR.D01G194700 GOHIR.D02G046400 GOHIR.D02G088200 GOHIR.D02G091850 GOHIR.D02G117300 GOHIR.D02G211800 GOHIR.D02G220500 GOHIR.D03G000600 GOHIR.D03G024700 GOHIR.D03G063300 GOHIR.D03G101000 GOHIR.D03G131700 GOHIR.D03G151400 GOHIR.D04G004800 GOHIR.D04G097300 GOHIR.D04G118700 GOHIR.D04G121500 GOHIR.D04G165900 GOHIR.D05G024500 GOHIR.D05G080200 GOHIR.D05G099400 GOHIR.D05G166100 GOHIR.D05G170600 GOHIR.D05G188400 GOHIR.D05G191400 GOHIR.D05G208100 GOHIR.D05G221200 GOHIR.D05G222000 GOHIR.D05G238800 GOHIR.D05G327700 GOHIR.D05G364900 GOHIR.D05G385900 GOHIR.D06G001900 GOHIR.D06G019027 GOHIR.D06G022400 GOHIR.D06G031500 GOHIR.D06G031600 GOHIR.D06G085800 GOHIR.D06G144300 GOHIR.D07G037266 GOHIR.D07G071300 GOHIR.D07G130600 GOHIR.D08G042700 GOHIR.D08G092200 GOHIR.D08G139200 GOHIR.D08G261900 GOHIR.D09G049000 GOHIR.D09G061500 GOHIR.D09G066700 GOHIR.D09G125000 GOHIR.D09G134200 GOHIR.D09G188700 GOHIR.D09G239400 GOHIR.D10G016700 GOHIR.D10G070800 GOHIR.D10G135500 GOHIR.D10G157500 GOHIR.D10G170700 GOHIR.D10G210800 GOHIR.D11G004700 GOHIR.D11G086100 GOHIR.D11G181800 GOHIR.D11G185200 GOHIR.D11G201800 GOHIR.D11G213200 GOHIR.D11G217000 GOHIR.D11G267000 GOHIR.D11G275100 GOHIR.D11G281200 GOHIR.D11G311300 GOHIR.D11G323100 GOHIR.D12G060800 GOHIR.D12G078700 GOHIR.D12G083700 GOHIR.D12G224700 GOHIR.D12G230801 GOHIR.D12G257600 GOHIR.D12G267600 GOHIR.D13G029200 GOHIR.D13G113600 GOHIR.D13G115066 GOHIR.D13G139800 GOHIR.D13G196100 GOHIR.D13G226300 GOHIR.D13G230800"
"Microtubule motor activity","Down","Microtubule motor activity","-5.6978",178,1.6e-06,"GOHIR.A01G003700 GOHIR.A01G036700 GOHIR.A01G073700 GOHIR.A01G094300 GOHIR.A01G094400 GOHIR.A01G122300 GOHIR.A01G192600 GOHIR.A01G205200 GOHIR.A02G040800 GOHIR.A02G080300 GOHIR.A02G086900 GOHIR.A02G156000 GOHIR.A02G179100 GOHIR.A03G016500 GOHIR.A03G036500 GOHIR.A03G074500 GOHIR.A03G190800 GOHIR.A03G199200 GOHIR.A04G004200 GOHIR.A04G022500 GOHIR.A04G053900 GOHIR.A04G079500 GOHIR.A04G082500 GOHIR.A04G123800 GOHIR.A05G023000 GOHIR.A05G077400 GOHIR.A05G099500 GOHIR.A05G167600 GOHIR.A05G185600 GOHIR.A05G188300 GOHIR.A05G204800 GOHIR.A05G218500 GOHIR.A05G219500 GOHIR.A05G236600 GOHIR.A05G327500 GOHIR.A05G411200 GOHIR.A06G006100 GOHIR.A06G025300 GOHIR.A06G032300 GOHIR.A06G032400 GOHIR.A07G066700 GOHIR.A07G126500 GOHIR.A08G031600 GOHIR.A08G082800 GOHIR.A08G118200 GOHIR.A08G241200 GOHIR.A09G047800 GOHIR.A09G062600 GOHIR.A09G067100 GOHIR.A09G129000 GOHIR.A09G140300 GOHIR.A09G194400 GOHIR.A09G238500 GOHIR.A10G016600 GOHIR.A10G080500 GOHIR.A10G109600 GOHIR.A10G131200 GOHIR.A10G164450 GOHIR.A10G164500 GOHIR.A10G202600 GOHIR.A11G005600 GOHIR.A11G081500 GOHIR.A11G177400 GOHIR.A11G195800 GOHIR.A11G206600 GOHIR.A11G210000 GOHIR.A11G257100 GOHIR.A11G264900 GOHIR.A11G271000 GOHIR.A11G295600 GOHIR.A11G307601 GOHIR.A12G060650 GOHIR.A12G085600 GOHIR.A12G199600 GOHIR.A12G205700 GOHIR.A12G222200 GOHIR.A12G228300 GOHIR.A12G256300 GOHIR.A12G267100 GOHIR.A13G031200 GOHIR.A13G090700 GOHIR.A13G110800 GOHIR.A13G135300 GOHIR.A13G189100 GOHIR.D01G003701 GOHIR.D01G024000 GOHIR.D01G052250 GOHIR.D01G060300 GOHIR.D01G078800 GOHIR.D01G078900 GOHIR.D01G109700 GOHIR.D01G136900 GOHIR.D01G177200 GOHIR.D01G194700 GOHIR.D02G046400 GOHIR.D02G088200 GOHIR.D02G091850 GOHIR.D02G117300 GOHIR.D02G211800 GOHIR.D02G220500 GOHIR.D03G000600 GOHIR.D03G024700 GOHIR.D03G063300 GOHIR.D03G101000 GOHIR.D03G131700 GOHIR.D03G151400 GOHIR.D04G004800 GOHIR.D04G097300 GOHIR.D04G118700 GOHIR.D04G121500 GOHIR.D04G165900 GOHIR.D05G024500 GOHIR.D05G080200 GOHIR.D05G099400 GOHIR.D05G166100 GOHIR.D05G170600 GOHIR.D05G188400 GOHIR.D05G191400 GOHIR.D05G208100 GOHIR.D05G221200 GOHIR.D05G222000 GOHIR.D05G238800 GOHIR.D05G327700 GOHIR.D05G364900 GOHIR.D05G385900 GOHIR.D06G001900 GOHIR.D06G019027 GOHIR.D06G022400 GOHIR.D06G031500 GOHIR.D06G031600 GOHIR.D06G085800 GOHIR.D06G144300 GOHIR.D07G037266 GOHIR.D07G071300 GOHIR.D07G130600 GOHIR.D08G042700 GOHIR.D08G092200 GOHIR.D08G139200 GOHIR.D08G261900 GOHIR.D09G049000 GOHIR.D09G061500 GOHIR.D09G066700 GOHIR.D09G125000 GOHIR.D09G134200 GOHIR.D09G188700 GOHIR.D09G239400 GOHIR.D10G016700 GOHIR.D10G070800 GOHIR.D10G135500 GOHIR.D10G157500 GOHIR.D10G170700 GOHIR.D10G210800 GOHIR.D11G004700 GOHIR.D11G086100 GOHIR.D11G181800 GOHIR.D11G185200 GOHIR.D11G201800 GOHIR.D11G213200 GOHIR.D11G217000 GOHIR.D11G267000 GOHIR.D11G275100 GOHIR.D11G281200 GOHIR.D11G311300 GOHIR.D11G323100 GOHIR.D12G060800 GOHIR.D12G078700 GOHIR.D12G083700 GOHIR.D12G224700 GOHIR.D12G230801 GOHIR.D12G257600 GOHIR.D12G267600 GOHIR.D13G029200 GOHIR.D13G113600 GOHIR.D13G115066 GOHIR.D13G139800 GOHIR.D13G196100 GOHIR.D13G226300 GOHIR.D13G230800"
"DNA replication","Down","DNA replication","-4.7104",90,0.00031,"GOHIR.A01G051100 GOHIR.A01G078100 GOHIR.A01G168100 GOHIR.A01G215900 GOHIR.A02G125300 GOHIR.A02G137100 GOHIR.A03G070300 GOHIR.A03G218100 GOHIR.A04G043100 GOHIR.A04G055778 GOHIR.A04G134500 GOHIR.A05G003900 GOHIR.A05G082500 GOHIR.A05G149600 GOHIR.A05G199800 GOHIR.A05G311350 GOHIR.A05G395800 GOHIR.A07G040800 GOHIR.A07G208800 GOHIR.A08G207500 GOHIR.A09G002700 GOHIR.A09G183200 GOHIR.A10G039500 GOHIR.A10G219500 GOHIR.A11G089700 GOHIR.A11G109800 GOHIR.A11G193200 GOHIR.A11G223600 GOHIR.A11G225900 GOHIR.A11G319200 GOHIR.A11G326200 GOHIR.A12G016000 GOHIR.A12G202700 GOHIR.A12G253600 GOHIR.A13G001000 GOHIR.A13G031400 GOHIR.A13G035800 GOHIR.A13G074000 GOHIR.A13G185700 GOHIR.A13G185900 GOHIR.A13G191600 GOHIR.D01G040900 GOHIR.D01G065200 GOHIR.D01G124400 GOHIR.D01G159100 GOHIR.D01G204700 GOHIR.D02G106100 GOHIR.D02G123750 GOHIR.D02G240100 GOHIR.D03G047800 GOHIR.D03G055100 GOHIR.D03G074850 GOHIR.D03G096700 GOHIR.D04G019200 GOHIR.D04G090500 GOHIR.D04G177700 GOHIR.D05G004300 GOHIR.D05G085400 GOHIR.D05G152200 GOHIR.D05G202800 GOHIR.D05G312350 GOHIR.D05G340400 GOHIR.D07G045000 GOHIR.D07G214700 GOHIR.D08G140250 GOHIR.D08G224100 GOHIR.D09G002500 GOHIR.D09G120150 GOHIR.D09G177900 GOHIR.D10G040300 GOHIR.D10G137766 GOHIR.D10G229000 GOHIR.D11G094000 GOHIR.D11G114800 GOHIR.D11G200300 GOHIR.D11G226900 GOHIR.D11G234500 GOHIR.D11G338500 GOHIR.D11G345100 GOHIR.D12G016300 GOHIR.D12G080700 GOHIR.D12G205400 GOHIR.D12G255900 GOHIR.D13G029400 GOHIR.D13G034100 GOHIR.D13G074100 GOHIR.D13G162800 GOHIR.D13G192200 GOHIR.D13G192600 GOHIR.D13G197000"
"RNA binding","Down","RNA binding","-4.0344",469,0.0023,"GOHIR.A01G008100 GOHIR.A01G015000 GOHIR.A01G046600 GOHIR.A01G053000 GOHIR.A01G092000 GOHIR.A01G122600 GOHIR.A01G133600 GOHIR.A01G137591 GOHIR.A01G183800 GOHIR.A01G185820 GOHIR.A01G191800 GOHIR.A01G216800 GOHIR.A01G229300 GOHIR.A02G042300 GOHIR.A02G058800 GOHIR.A02G061800 GOHIR.A02G062700 GOHIR.A02G068600 GOHIR.A02G074600 GOHIR.A02G081600 GOHIR.A02G082700 GOHIR.A02G090700 GOHIR.A02G105904 GOHIR.A03G024400 GOHIR.A03G044800 GOHIR.A03G053500 GOHIR.A03G053840 GOHIR.A03G068000 GOHIR.A03G068400 GOHIR.A03G074400 GOHIR.A03G081600 GOHIR.A03G088700 GOHIR.A03G097600 GOHIR.A03G110200 GOHIR.A03G114200 GOHIR.A03G137900 GOHIR.A03G179100 GOHIR.A03G187700 GOHIR.A03G216900 GOHIR.A04G003200 GOHIR.A04G012700 GOHIR.A04G013500 GOHIR.A04G018300 GOHIR.A04G035600 GOHIR.A04G036500 GOHIR.A04G036700 GOHIR.A04G036800 GOHIR.A04G052200 GOHIR.A04G067900 GOHIR.A04G095042 GOHIR.A05G002100 GOHIR.A05G003100 GOHIR.A05G008800 GOHIR.A05G032866 GOHIR.A05G039200 GOHIR.A05G043300 GOHIR.A05G044400 GOHIR.A05G045100 GOHIR.A05G048100 GOHIR.A05G049800 GOHIR.A05G066716 GOHIR.A05G093700 GOHIR.A05G115100 GOHIR.A05G141800 GOHIR.A05G151800 GOHIR.A05G160800 GOHIR.A05G168600 GOHIR.A05G183200 GOHIR.A05G207300 GOHIR.A05G227400 GOHIR.A05G246400 GOHIR.A05G250400 GOHIR.A05G253600 GOHIR.A05G271000 GOHIR.A05G277900 GOHIR.A05G287700 GOHIR.A05G291200 GOHIR.A05G328300 GOHIR.A05G354600 GOHIR.A05G355000 GOHIR.A05G365200 GOHIR.A05G368000 GOHIR.A05G411800 GOHIR.A06G020400 GOHIR.A06G027900 GOHIR.A06G036300 GOHIR.A06G041400 GOHIR.A06G065800 GOHIR.A06G073100 GOHIR.A06G080450 GOHIR.A06G088300 GOHIR.A06G108200 GOHIR.A06G109900 GOHIR.A06G111300 GOHIR.A06G112200 GOHIR.A06G112400 GOHIR.A06G115800 GOHIR.A06G168500 GOHIR.A06G168900 GOHIR.A06G174200 GOHIR.A06G178100 GOHIR.A06G179002 GOHIR.A06G198300 GOHIR.A06G211100 GOHIR.A07G009500 GOHIR.A07G014300 GOHIR.A07G022233 GOHIR.A07G023700 GOHIR.A07G051700 GOHIR.A07G064500 GOHIR.A07G069900 GOHIR.A07G070000 GOHIR.A07G099800 GOHIR.A07G144501 GOHIR.A07G163636 GOHIR.A07G170800 GOHIR.A07G180200 GOHIR.A07G186300 GOHIR.A07G188600 GOHIR.A07G195000 GOHIR.A08G000900 GOHIR.A08G014400 GOHIR.A08G014500 GOHIR.A08G017400 GOHIR.A08G024000 GOHIR.A08G028700 GOHIR.A08G050100 GOHIR.A08G059300 GOHIR.A08G062200 GOHIR.A08G098400 GOHIR.A08G140400 GOHIR.A08G145600 GOHIR.A08G188100 GOHIR.A08G206200 GOHIR.A08G216200 GOHIR.A08G236300 GOHIR.A08G251900 GOHIR.A08G253000 GOHIR.A09G014200 GOHIR.A09G018000 GOHIR.A09G024400 GOHIR.A09G028200 GOHIR.A09G042300 GOHIR.A09G063500 GOHIR.A09G077100 GOHIR.A09G081000 GOHIR.A09G081400 GOHIR.A09G092500 GOHIR.A09G111700 GOHIR.A09G113800 GOHIR.A09G167100 GOHIR.A09G176100 GOHIR.A09G193400 GOHIR.A09G211500 GOHIR.A09G213602 GOHIR.A09G242900 GOHIR.A09G249100 GOHIR.A10G003000 GOHIR.A10G060500 GOHIR.A10G073101 GOHIR.A10G082900 GOHIR.A10G096100 GOHIR.A10G099600 GOHIR.A10G100366 GOHIR.A10G105600 GOHIR.A10G108600 GOHIR.A10G143200 GOHIR.A10G143450 GOHIR.A10G143500 GOHIR.A10G152300 GOHIR.A10G177600 GOHIR.A10G200400 GOHIR.A10G203300 GOHIR.A10G205700 GOHIR.A11G008600 GOHIR.A11G011500 GOHIR.A11G030431 GOHIR.A11G032600 GOHIR.A11G032800 GOHIR.A11G047000 GOHIR.A11G071300 GOHIR.A11G128100 GOHIR.A11G143300 GOHIR.A11G143900 GOHIR.A11G144400 GOHIR.A11G148000 GOHIR.A11G151500 GOHIR.A11G154100 GOHIR.A11G159700 GOHIR.A11G162000 GOHIR.A11G163100 GOHIR.A11G164200 GOHIR.A11G207400 GOHIR.A11G223700 GOHIR.A11G229100 GOHIR.A11G232100 GOHIR.A11G250000 GOHIR.A11G254200 GOHIR.A11G269200 GOHIR.A11G276000 GOHIR.A12G041400 GOHIR.A12G046100 GOHIR.A12G085222 GOHIR.A12G085244 GOHIR.A12G098600 GOHIR.A12G099000 GOHIR.A12G105400 GOHIR.A12G105450 GOHIR.A12G162900 GOHIR.A12G164700 GOHIR.A12G164800 GOHIR.A12G179900 GOHIR.A12G193200 GOHIR.A12G193500 GOHIR.A12G212800 GOHIR.A12G224100 GOHIR.A12G232300 GOHIR.A12G248900 GOHIR.A12G263300 GOHIR.A12G266500 GOHIR.A12G270300 GOHIR.A13G042600 GOHIR.A13G050600 GOHIR.A13G066300 GOHIR.A13G066900 GOHIR.A13G075200 GOHIR.A13G077000 GOHIR.A13G099500 GOHIR.A13G115900 GOHIR.A13G130156 GOHIR.A13G146100 GOHIR.A13G158200 GOHIR.A13G161900 GOHIR.A13G206600 GOHIR.A13G217400 GOHIR.D01G008200 GOHIR.D01G010700 GOHIR.D01G037300 GOHIR.D01G042600 GOHIR.D01G057000 GOHIR.D01G062200 GOHIR.D01G110100 GOHIR.D01G117500 GOHIR.D01G174800 GOHIR.D01G176400 GOHIR.D01G178200 GOHIR.D01G205600 GOHIR.D01G219200 GOHIR.D02G001800 GOHIR.D02G047900 GOHIR.D02G064500 GOHIR.D02G067400 GOHIR.D02G068300 GOHIR.D02G075100 GOHIR.D02G081600 GOHIR.D02G089600 GOHIR.D02G105600 GOHIR.D02G105700 GOHIR.D02G109800 GOHIR.D02G114000 GOHIR.D02G116700 GOHIR.D02G128100 GOHIR.D02G134800 GOHIR.D02G138700 GOHIR.D02G202800 GOHIR.D02G208500 GOHIR.D02G238500 GOHIR.D03G060300 GOHIR.D03G064800 GOHIR.D03G094500 GOHIR.D03G095000 GOHIR.D03G097100 GOHIR.D03G100900 GOHIR.D03G113075 GOHIR.D03G113100 GOHIR.D03G113500 GOHIR.D03G122100 GOHIR.D03G144100 GOHIR.D04G004200 GOHIR.D04G047400 GOHIR.D04G049600 GOHIR.D04G058200 GOHIR.D04G058500 GOHIR.D04G087600 GOHIR.D04G103700 GOHIR.D04G134900 GOHIR.D05G002400 GOHIR.D05G003500 GOHIR.D05G009500 GOHIR.D05G034300 GOHIR.D05G040700 GOHIR.D05G045000 GOHIR.D05G046000 GOHIR.D05G046800 GOHIR.D05G049600 GOHIR.D05G051600 GOHIR.D05G069300 GOHIR.D05G094200 GOHIR.D05G115600 GOHIR.D05G123700 GOHIR.D05G144100 GOHIR.D05G154200 GOHIR.D05G163500 GOHIR.D05G171800 GOHIR.D05G186100 GOHIR.D05G210700 GOHIR.D05G229900 GOHIR.D05G247900 GOHIR.D05G253400 GOHIR.D05G255600 GOHIR.D05G279500 GOHIR.D05G279550 GOHIR.D05G288900 GOHIR.D05G292300 GOHIR.D05G329300 GOHIR.D05G347800 GOHIR.D05G348400 GOHIR.D05G367700 GOHIR.D05G372700 GOHIR.D05G373200 GOHIR.D05G386500 GOHIR.D06G018800 GOHIR.D06G025400 GOHIR.D06G037100 GOHIR.D06G042300 GOHIR.D06G058900 GOHIR.D06G064400 GOHIR.D06G071600 GOHIR.D06G080000 GOHIR.D06G088400 GOHIR.D06G104300 GOHIR.D06G115600 GOHIR.D06G116400 GOHIR.D06G116600 GOHIR.D06G122800 GOHIR.D06G176200 GOHIR.D06G176400 GOHIR.D06G176900 GOHIR.D06G184500 GOHIR.D06G205700 GOHIR.D06G210100 GOHIR.D07G009800 GOHIR.D07G013900 GOHIR.D07G024800 GOHIR.D07G056200 GOHIR.D07G069300 GOHIR.D07G074400 GOHIR.D07G074600 GOHIR.D07G104100 GOHIR.D07G138400 GOHIR.D07G150400 GOHIR.D07G177600 GOHIR.D07G187100 GOHIR.D07G192800 GOHIR.D07G195200 GOHIR.D07G201400 GOHIR.D07G211300 GOHIR.D08G011700 GOHIR.D08G024900 GOHIR.D08G025100 GOHIR.D08G027900 GOHIR.D08G034400 GOHIR.D08G037900 GOHIR.D08G039366 GOHIR.D08G039432 GOHIR.D08G068500 GOHIR.D08G071332 GOHIR.D08G110000 GOHIR.D08G147900 GOHIR.D08G161400 GOHIR.D08G166600 GOHIR.D08G206500 GOHIR.D08G233200 GOHIR.D08G256900 GOHIR.D08G273500 GOHIR.D08G274700 GOHIR.D09G012600 GOHIR.D09G012700 GOHIR.D09G017600 GOHIR.D09G023600 GOHIR.D09G027600 GOHIR.D09G043254 GOHIR.D09G062400 GOHIR.D09G077100 GOHIR.D09G081100 GOHIR.D09G081500 GOHIR.D09G092600 GOHIR.D09G108300 GOHIR.D09G110400 GOHIR.D09G115800 GOHIR.D09G163000 GOHIR.D09G171800 GOHIR.D09G187600 GOHIR.D09G205000 GOHIR.D09G212000 GOHIR.D09G243600 GOHIR.D09G250000 GOHIR.D10G003000 GOHIR.D10G061500 GOHIR.D10G077825 GOHIR.D10G088600 GOHIR.D10G092000 GOHIR.D10G105100 GOHIR.D10G113900 GOHIR.D10G123900 GOHIR.D10G159200 GOHIR.D10G163000 GOHIR.D10G184200 GOHIR.D10G208300 GOHIR.D10G211400 GOHIR.D10G214000 GOHIR.D11G007900 GOHIR.D11G010700 GOHIR.D11G033700 GOHIR.D11G035900 GOHIR.D11G036100 GOHIR.D11G050500 GOHIR.D11G075300 GOHIR.D11G134000 GOHIR.D11G150300 GOHIR.D11G154800 GOHIR.D11G158500 GOHIR.D11G165800 GOHIR.D11G168200 GOHIR.D11G169500 GOHIR.D11G170500 GOHIR.D11G215700 GOHIR.D11G226800 GOHIR.D11G235100 GOHIR.D11G241200 GOHIR.D11G243400 GOHIR.D11G260500 GOHIR.D11G264000 GOHIR.D11G279400 GOHIR.D11G286400 GOHIR.D11G341700 GOHIR.D12G030800 GOHIR.D12G045200 GOHIR.D12G083500 GOHIR.D12G101800 GOHIR.D12G102000 GOHIR.D12G109300 GOHIR.D12G113400 GOHIR.D12G166000 GOHIR.D12G167800 GOHIR.D12G167900 GOHIR.D12G182600 GOHIR.D12G195300 GOHIR.D12G196000 GOHIR.D12G215300 GOHIR.D12G226800 GOHIR.D12G235100 GOHIR.D12G249700 GOHIR.D12G263800 GOHIR.D12G266900 GOHIR.D12G270700 GOHIR.D13G041000 GOHIR.D13G049400 GOHIR.D13G054700 GOHIR.D13G055200 GOHIR.D13G076500 GOHIR.D13G102900 GOHIR.D13G119100 GOHIR.D13G133300 GOHIR.D13G151000 GOHIR.D13G162900 GOHIR.D13G172100 GOHIR.D13G211200 GOHIR.D13G221000"
"Developmental process","Down","Developmental process","-3.7998",35,0.01,"GOHIR.A01G137604 GOHIR.A02G080200 GOHIR.A02G125800 GOHIR.A02G149700 GOHIR.A05G033300 GOHIR.A05G212300 GOHIR.A05G263400 GOHIR.A06G026000 GOHIR.A09G137600 GOHIR.A10G053300 GOHIR.A10G089300 GOHIR.A11G081800 GOHIR.A12G223200 GOHIR.A12G240900 GOHIR.A12G246800 GOHIR.A13G157400 GOHIR.A13G191200 GOHIR.D01G125600 GOHIR.D02G088000 GOHIR.D03G030700 GOHIR.D03G054900 GOHIR.D04G103100 GOHIR.D05G034800 GOHIR.D05G215500 GOHIR.D05G265700 GOHIR.D06G023100 GOHIR.D08G194200 GOHIR.D09G137000 GOHIR.D10G055100 GOHIR.D10G098800 GOHIR.D11G086500 GOHIR.D12G225800 GOHIR.D12G247500 GOHIR.D13G162200 GOHIR.D13G196600"
"Nucleosome","Down","Nucleosome","-3.2039",74,0.045,"GOHIR.A01G219600 GOHIR.A02G088400 GOHIR.A02G129500 GOHIR.A02G129600 GOHIR.A02G151200 GOHIR.A03G039100 GOHIR.A03G039450 GOHIR.A03G182000 GOHIR.A04G141600 GOHIR.A04G146100 GOHIR.A05G016900 GOHIR.A05G086500 GOHIR.A05G136700 GOHIR.A05G223800 GOHIR.A06G140200 GOHIR.A07G012500 GOHIR.A07G078200 GOHIR.A07G138600 GOHIR.A07G173200 GOHIR.A08G000165 GOHIR.A08G030600 GOHIR.A08G061200 GOHIR.A09G087600 GOHIR.A09G088100 GOHIR.A09G088200 GOHIR.A10G051000 GOHIR.A10G051100 GOHIR.A10G051200 GOHIR.A10G087300 GOHIR.A11G127900 GOHIR.A11G176800 GOHIR.A11G176900 GOHIR.A11G214400 GOHIR.A12G151200 GOHIR.A12G151300 GOHIR.A12G161500 GOHIR.A13G097800 GOHIR.A13G134000 GOHIR.A13G169300 GOHIR.D02G097600 GOHIR.D02G203700 GOHIR.D03G029100 GOHIR.D03G040300 GOHIR.D03G040400 GOHIR.D04G187300 GOHIR.D04G190500 GOHIR.D05G017800 GOHIR.D05G087800 GOHIR.D05G138700 GOHIR.D07G012300 GOHIR.D07G083000 GOHIR.D07G100400 GOHIR.D07G143700 GOHIR.D07G180000 GOHIR.D08G041700 GOHIR.D08G070500 GOHIR.D08G259400 GOHIR.D08G259500 GOHIR.D09G087500 GOHIR.D09G087900 GOHIR.D09G088000 GOHIR.D10G100901 GOHIR.D11G117000 GOHIR.D11G133800 GOHIR.D11G184700 GOHIR.D11G209000 GOHIR.D12G154900 GOHIR.D12G155000 GOHIR.D12G164800 GOHIR.D13G098000 GOHIR.D13G174801 GOHIR.D13G219600 GOHIR.D13G233900 GOHIR.D13G234100"
"Transcription-DNA-templated","Down","Transcription-DNA-templated","-3.1785",287,0.044,"GOHIR.1Z049425 GOHIR.1Z050334 GOHIR.A01G002600 GOHIR.A01G034300 GOHIR.A01G039000 GOHIR.A01G093100 GOHIR.A01G137604 GOHIR.A01G156400 GOHIR.A01G168500 GOHIR.A01G187100 GOHIR.A01G194600 GOHIR.A01G226800 GOHIR.A02G034100 GOHIR.A02G047900 GOHIR.A02G058000 GOHIR.A02G075300 GOHIR.A02G080200 GOHIR.A02G106900 GOHIR.A02G107000 GOHIR.A02G125800 GOHIR.A02G149700 GOHIR.A02G174500 GOHIR.A03G000029 GOHIR.A03G000500 GOHIR.A03G009800 GOHIR.A03G019466 GOHIR.A03G036100 GOHIR.A03G061600 GOHIR.A03G081100 GOHIR.A03G092501 GOHIR.A03G138000 GOHIR.A03G205000 GOHIR.A03G209600 GOHIR.A04G051100 GOHIR.A04G054932 GOHIR.A04G065470 GOHIR.A04G082600 GOHIR.A04G091800 GOHIR.A04G119600 GOHIR.A05G008300 GOHIR.A05G010400 GOHIR.A05G033300 GOHIR.A05G081300 GOHIR.A05G082000 GOHIR.A05G086066 GOHIR.A05G092600 GOHIR.A05G212300 GOHIR.A05G215100 GOHIR.A05G263400 GOHIR.A05G280900 GOHIR.A05G283100 GOHIR.A05G283400 GOHIR.A05G311400 GOHIR.A05G315500 GOHIR.A05G326924 GOHIR.A05G334201 GOHIR.A05G399000 GOHIR.A05G399400 GOHIR.A05G399500 GOHIR.A05G401200 GOHIR.A06G002600 GOHIR.A06G026000 GOHIR.A06G039900 GOHIR.A06G157300 GOHIR.A06G164401 GOHIR.A06G175400 GOHIR.A06G175700 GOHIR.A06G195100 GOHIR.A06G210100 GOHIR.A06G211600 GOHIR.A06G211700 GOHIR.A07G004700 GOHIR.A07G032700 GOHIR.A07G110200 GOHIR.A07G114432 GOHIR.A07G114448 GOHIR.A07G209300 GOHIR.A08G001500 GOHIR.A08G004600 GOHIR.A08G082700 GOHIR.A08G124200 GOHIR.A08G146500 GOHIR.A08G178200 GOHIR.A08G182600 GOHIR.A08G237100 GOHIR.A08G242000 GOHIR.A09G006200 GOHIR.A09G041700 GOHIR.A09G086764 GOHIR.A09G095400 GOHIR.A09G106200 GOHIR.A09G118700 GOHIR.A09G126400 GOHIR.A09G136400 GOHIR.A09G137600 GOHIR.A09G165700 GOHIR.A09G170100 GOHIR.A09G170200 GOHIR.A09G213664 GOHIR.A09G214900 GOHIR.A09G222701 GOHIR.A10G053300 GOHIR.A10G084400 GOHIR.A10G086300 GOHIR.A10G089300 GOHIR.A10G153500 GOHIR.A10G187200 GOHIR.A10G189000 GOHIR.A10G238600 GOHIR.A11G001800 GOHIR.A11G004801 GOHIR.A11G009700 GOHIR.A11G022300 GOHIR.A11G081800 GOHIR.A11G160700 GOHIR.A11G171700 GOHIR.A11G180662 GOHIR.A11G185700 GOHIR.A11G197200 GOHIR.A11G205450 GOHIR.A11G236200 GOHIR.A11G266100 GOHIR.A11G295300 GOHIR.A11G306400 GOHIR.A11G307000 GOHIR.A12G022600 GOHIR.A12G083600 GOHIR.A12G092700 GOHIR.A12G139300 GOHIR.A12G143800 GOHIR.A12G147100 GOHIR.A12G158600 GOHIR.A12G169200 GOHIR.A12G205600 GOHIR.A12G223200 GOHIR.A12G240900 GOHIR.A12G246800 GOHIR.A12G269900 GOHIR.A12G276100 GOHIR.A13G000200 GOHIR.A13G004300 GOHIR.A13G049500 GOHIR.A13G053554 GOHIR.A13G108100 GOHIR.A13G157400 GOHIR.A13G158900 GOHIR.A13G191200 GOHIR.D01G002300 GOHIR.D01G023535 GOHIR.D01G026700 GOHIR.D01G077600 GOHIR.D01G102099 GOHIR.D01G125600 GOHIR.D01G142300 GOHIR.D01G153900 GOHIR.D01G159500 GOHIR.D01G182600 GOHIR.D01G184800 GOHIR.D01G216600 GOHIR.D02G003200 GOHIR.D02G040900 GOHIR.D02G063800 GOHIR.D02G082400 GOHIR.D02G088000 GOHIR.D02G161000 GOHIR.D02G179050 GOHIR.D02G226300 GOHIR.D02G231300 GOHIR.D03G005300 GOHIR.D03G030700 GOHIR.D03G046200 GOHIR.D03G054900 GOHIR.D03G069702 GOHIR.D03G070500 GOHIR.D03G104400 GOHIR.D03G132200 GOHIR.D03G160900 GOHIR.D03G171700 GOHIR.D03G176600 GOHIR.D04G011500 GOHIR.D04G014600 GOHIR.D04G016400 GOHIR.D04G016500 GOHIR.D04G016900 GOHIR.D04G072000 GOHIR.D04G103100 GOHIR.D04G121600 GOHIR.D04G131000 GOHIR.D04G161200 GOHIR.D05G009100 GOHIR.D05G011200 GOHIR.D05G034800 GOHIR.D05G084300 GOHIR.D05G084900 GOHIR.D05G093400 GOHIR.D05G123550 GOHIR.D05G215500 GOHIR.D05G265700 GOHIR.D05G282900 GOHIR.D05G284100 GOHIR.D05G284400 GOHIR.D05G312500 GOHIR.D06G005600 GOHIR.D06G023100 GOHIR.D06G040900 GOHIR.D06G163600 GOHIR.D06G185200 GOHIR.D06G185400 GOHIR.D06G202700 GOHIR.D06G209500 GOHIR.D06G209600 GOHIR.D06G210900 GOHIR.D07G007500 GOHIR.D07G036000 GOHIR.D07G113800 GOHIR.D07G118250 GOHIR.D07G215400 GOHIR.D08G012200 GOHIR.D08G014900 GOHIR.D08G112900 GOHIR.D08G167600 GOHIR.D08G194200 GOHIR.D08G196600 GOHIR.D08G201100 GOHIR.D08G257700 GOHIR.D08G262800 GOHIR.D09G005300 GOHIR.D09G042500 GOHIR.D09G047700 GOHIR.D09G095100 GOHIR.D09G102900 GOHIR.D09G115442 GOHIR.D09G123100 GOHIR.D09G137000 GOHIR.D09G161300 GOHIR.D09G165700 GOHIR.D09G165900 GOHIR.D09G215100 GOHIR.D09G217400 GOHIR.D09G224800 GOHIR.D10G055100 GOHIR.D10G077900 GOHIR.D10G098800 GOHIR.D10G102400 GOHIR.D10G104250 GOHIR.D10G112700 GOHIR.D10G161900 GOHIR.D10G194500 GOHIR.D10G196900 GOHIR.D10G250500 GOHIR.D11G001400 GOHIR.D11G004000 GOHIR.D11G009000 GOHIR.D11G020900 GOHIR.D11G022000 GOHIR.D11G086500 GOHIR.D11G167000 GOHIR.D11G178600 GOHIR.D11G192200 GOHIR.D11G219000 GOHIR.D11G225700 GOHIR.D11G233540 GOHIR.D11G276400 GOHIR.D11G311600 GOHIR.D11G321900 GOHIR.D11G322500 GOHIR.D12G023000 GOHIR.D12G082400 GOHIR.D12G094100 GOHIR.D12G148500 GOHIR.D12G151700 GOHIR.D12G161900 GOHIR.D12G172500 GOHIR.D12G208000 GOHIR.D12G225800 GOHIR.D12G247500 GOHIR.D12G270400 GOHIR.D12G276800 GOHIR.D13G001800 GOHIR.D13G004100 GOHIR.D13G048000 GOHIR.D13G070900 GOHIR.D13G088800 GOHIR.D13G111100 GOHIR.D13G162200 GOHIR.D13G164000 GOHIR.D13G196600"
"DNA-directed RNA polymerase activity","Down","DNA-directed RNA polymerase activity","-3.1047",116,0.049,"GOHIR.1Z050334 GOHIR.A01G034300 GOHIR.A01G093100 GOHIR.A02G034100 GOHIR.A02G058000 GOHIR.A02G106900 GOHIR.A02G107000 GOHIR.A02G174500 GOHIR.A03G000500 GOHIR.A03G019466 GOHIR.A03G036100 GOHIR.A03G061600 GOHIR.A03G081100 GOHIR.A03G092501 GOHIR.A03G138000 GOHIR.A04G054932 GOHIR.A04G065470 GOHIR.A04G119600 GOHIR.A05G008300 GOHIR.A05G086066 GOHIR.A05G092600 GOHIR.A05G283100 GOHIR.A05G315500 GOHIR.A05G326924 GOHIR.A05G399000 GOHIR.A06G157300 GOHIR.A06G164401 GOHIR.A06G175400 GOHIR.A06G195100 GOHIR.A06G210100 GOHIR.A07G004700 GOHIR.A07G032700 GOHIR.A07G042300 GOHIR.A07G209300 GOHIR.A08G001500 GOHIR.A08G082700 GOHIR.A08G124200 GOHIR.A08G178200 GOHIR.A08G242000 GOHIR.A09G041700 GOHIR.A09G086764 GOHIR.A09G118700 GOHIR.A09G136400 GOHIR.A09G214900 GOHIR.A09G222701 GOHIR.A10G084400 GOHIR.A10G189000 GOHIR.A10G238600 GOHIR.A11G001800 GOHIR.A11G004801 GOHIR.A11G009700 GOHIR.A11G160700 GOHIR.A11G171700 GOHIR.A11G180662 GOHIR.A11G185700 GOHIR.A11G236200 GOHIR.A12G022600 GOHIR.A12G143800 GOHIR.A12G158600 GOHIR.A12G269900 GOHIR.A13G191400 GOHIR.D01G023535 GOHIR.D01G077600 GOHIR.D01G102099 GOHIR.D01G142300 GOHIR.D02G040900 GOHIR.D02G063800 GOHIR.D02G161000 GOHIR.D02G179050 GOHIR.D03G005300 GOHIR.D03G046200 GOHIR.D03G069702 GOHIR.D03G070500 GOHIR.D03G104400 GOHIR.D03G132200 GOHIR.D03G171700 GOHIR.D04G011500 GOHIR.D04G016900 GOHIR.D04G161200 GOHIR.D05G009100 GOHIR.D05G034700 GOHIR.D05G093400 GOHIR.D05G284100 GOHIR.D06G163600 GOHIR.D06G185200 GOHIR.D06G202700 GOHIR.D06G210900 GOHIR.D07G007500 GOHIR.D07G036000 GOHIR.D07G046600 GOHIR.D07G215400 GOHIR.D08G012200 GOHIR.D08G112900 GOHIR.D08G196600 GOHIR.D08G262800 GOHIR.D09G042500 GOHIR.D09G047700 GOHIR.D09G115442 GOHIR.D09G217400 GOHIR.D09G224800 GOHIR.D10G104250 GOHIR.D10G196900 GOHIR.D10G250500 GOHIR.D11G001400 GOHIR.D11G004000 GOHIR.D11G009000 GOHIR.D11G020900 GOHIR.D11G167000 GOHIR.D11G178600 GOHIR.D11G192200 GOHIR.D11G233540 GOHIR.D12G023000 GOHIR.D12G148500 GOHIR.D12G161900 GOHIR.D13G088800 GOHIR.D13G196800"
"Ribosome biogenesis","Down","Ribosome biogenesis","-3.0998",44,0.059,"GOHIR.1Z049324 GOHIR.A01G105800 GOHIR.A01G105900 GOHIR.A01G176900 GOHIR.A02G068100 GOHIR.A03G041200 GOHIR.A05G017100 GOHIR.A05G298900 GOHIR.A05G316000 GOHIR.A06G139500 GOHIR.A07G035500 GOHIR.A07G222900 GOHIR.A08G014600 GOHIR.A08G213200 GOHIR.A10G043300 GOHIR.A10G110400 GOHIR.A10G197400 GOHIR.A10G233700 GOHIR.A11G296500 GOHIR.A13G065000 GOHIR.A13G144300 GOHIR.D01G092100 GOHIR.D01G092200 GOHIR.D01G167700 GOHIR.D02G074100 GOHIR.D03G083350 GOHIR.D03G117000 GOHIR.D03G126900 GOHIR.D04G067000 GOHIR.D05G018000 GOHIR.D05G298600 GOHIR.D06G144100 GOHIR.D07G039500 GOHIR.D07G229600 GOHIR.D08G230300 GOHIR.D09G037600 GOHIR.D10G044500 GOHIR.D10G156100 GOHIR.D10G204500 GOHIR.D10G246000 GOHIR.D11G310400 GOHIR.D13G017100 GOHIR.D13G057300 GOHIR.D13G149100"
"Regulation of cell cycle","Down","Regulation of cell cycle","-3.037",16,0.093,"GOHIR.A03G161100 GOHIR.A04G106400 GOHIR.A05G283400 GOHIR.A05G317600 GOHIR.A05G399400 GOHIR.A05G399500 GOHIR.A12G135900 GOHIR.A13G057600 GOHIR.D02G184400 GOHIR.D04G016400 GOHIR.D04G016500 GOHIR.D04G146400 GOHIR.D05G284400 GOHIR.D05G319500 GOHIR.D12G139900 GOHIR.D13G064500"
"DNA-directed DNA polymerase activity","Down","DNA-directed DNA polymerase activity","-2.9906",25,0.093,"GOHIR.A01G078100 GOHIR.A04G055778 GOHIR.A05G003900 GOHIR.A05G082500 GOHIR.A05G084500 GOHIR.A05G311350 GOHIR.A06G199200 GOHIR.A09G074900 GOHIR.A10G034100 GOHIR.A10G157700 GOHIR.A11G193200 GOHIR.A13G049500 GOHIR.A13G185900 GOHIR.D01G065200 GOHIR.D04G090500 GOHIR.D05G004300 GOHIR.D05G085400 GOHIR.D05G312350 GOHIR.D06G206500 GOHIR.D09G074700 GOHIR.D10G034800 GOHIR.D10G083300 GOHIR.D11G200300 GOHIR.D13G048000 GOHIR.D13G192600"
"Nucleosome assembly","Down","Nucleosome assembly","-2.8511",49,0.094,"GOHIR.A02G115100 GOHIR.A02G151200 GOHIR.A03G066000 GOHIR.A03G066100 GOHIR.A03G182000 GOHIR.A04G141600 GOHIR.A04G146100 GOHIR.A05G030400 GOHIR.A05G136700 GOHIR.A06G073400 GOHIR.A07G012000 GOHIR.A07G012500 GOHIR.A07G063700 GOHIR.A07G078200 GOHIR.A07G173200 GOHIR.A08G061200 GOHIR.A11G030791 GOHIR.A11G127900 GOHIR.A11G176800 GOHIR.A11G214400 GOHIR.A12G151200 GOHIR.A12G151300 GOHIR.A12G161500 GOHIR.A13G169300 GOHIR.D02G203700 GOHIR.D03G029100 GOHIR.D03G056200 GOHIR.D03G092500 GOHIR.D03G092600 GOHIR.D04G187300 GOHIR.D04G190500 GOHIR.D05G031800 GOHIR.D05G138700 GOHIR.D06G072100 GOHIR.D07G011800 GOHIR.D07G012300 GOHIR.D07G068500 GOHIR.D07G083000 GOHIR.D07G180000 GOHIR.D08G070500 GOHIR.D11G034100 GOHIR.D11G117000 GOHIR.D11G133800 GOHIR.D11G184700 GOHIR.D11G209000 GOHIR.D12G154900 GOHIR.D12G155000 GOHIR.D12G164800 GOHIR.D13G174801"
"RNA processing","Down","RNA processing","-2.7275",99,0.11,"GOHIR.A01G105400 GOHIR.A01G133600 GOHIR.A02G084600 GOHIR.A03G034400 GOHIR.A03G074400 GOHIR.A03G110200 GOHIR.A04G012700 GOHIR.A04G013500 GOHIR.A04G036500 GOHIR.A04G036700 GOHIR.A04G036800 GOHIR.A05G049800 GOHIR.A05G179300 GOHIR.A05G250400 GOHIR.A05G354600 GOHIR.A06G080450 GOHIR.A06G108200 GOHIR.A06G109900 GOHIR.A07G009500 GOHIR.A07G065700 GOHIR.A07G170800 GOHIR.A07G186300 GOHIR.A08G024000 GOHIR.A08G042600 GOHIR.A08G068500 GOHIR.A08G145600 GOHIR.A08G185700 GOHIR.A08G253000 GOHIR.A09G028200 GOHIR.A09G099800 GOHIR.A10G060500 GOHIR.A10G063600 GOHIR.A10G105600 GOHIR.A11G023900 GOHIR.A11G071300 GOHIR.A11G108400 GOHIR.A11G121800 GOHIR.A11G146900 GOHIR.A11G154100 GOHIR.A11G207400 GOHIR.A11G229100 GOHIR.A11G231400 GOHIR.A12G005600 GOHIR.A12G105400 GOHIR.A12G105450 GOHIR.A12G131300 GOHIR.A12G193200 GOHIR.A12G212800 GOHIR.A13G097300 GOHIR.A13G164100 GOHIR.D01G091700 GOHIR.D01G117500 GOHIR.D02G100500 GOHIR.D02G134800 GOHIR.D03G097100 GOHIR.D03G100900 GOHIR.D03G133900 GOHIR.D04G058500 GOHIR.D05G051600 GOHIR.D05G182500 GOHIR.D05G253400 GOHIR.D05G348400 GOHIR.D05G372700 GOHIR.D05G373200 GOHIR.D06G080000 GOHIR.D06G104300 GOHIR.D07G009800 GOHIR.D07G070200 GOHIR.D07G138400 GOHIR.D07G177600 GOHIR.D07G192800 GOHIR.D08G034400 GOHIR.D08G037900 GOHIR.D08G052400 GOHIR.D08G076900 GOHIR.D08G166600 GOHIR.D08G203800 GOHIR.D08G274700 GOHIR.D09G027600 GOHIR.D09G099200 GOHIR.D09G115800 GOHIR.D10G061500 GOHIR.D10G065200 GOHIR.D10G163000 GOHIR.D11G023600 GOHIR.D11G075300 GOHIR.D11G112900 GOHIR.D11G127000 GOHIR.D11G153600 GOHIR.D11G215700 GOHIR.D11G241200 GOHIR.D11G242700 GOHIR.D12G005100 GOHIR.D12G109300 GOHIR.D12G135200 GOHIR.D12G195300 GOHIR.D12G215300 GOHIR.D13G101300 GOHIR.D13G167000"
"RRNA processing","Down","RRNA processing","-2.7177",42,0.12,"GOHIR.A01G216800 GOHIR.A03G182600 GOHIR.A03G195500 GOHIR.A05G301700 GOHIR.A06G091200 GOHIR.A06G106900 GOHIR.A06G180300 GOHIR.A08G016100 GOHIR.A08G098400 GOHIR.A09G042300 GOHIR.A10G037600 GOHIR.A11G011500 GOHIR.A12G002500 GOHIR.A12G018701 GOHIR.A12G130000 GOHIR.A12G142700 GOHIR.A12G148851 GOHIR.A12G275100 GOHIR.A13G086800 GOHIR.A13G156800 GOHIR.D01G111500 GOHIR.D01G205600 GOHIR.D02G204200 GOHIR.D02G216500 GOHIR.D05G301400 GOHIR.D06G023000 GOHIR.D06G090400 GOHIR.D06G109100 GOHIR.D08G026300 GOHIR.D08G054000 GOHIR.D08G110000 GOHIR.D09G043254 GOHIR.D10G038600 GOHIR.D10G227700 GOHIR.D11G010700 GOHIR.D12G002200 GOHIR.D12G019200 GOHIR.D12G133800 GOHIR.D12G147500 GOHIR.D12G275800 GOHIR.D13G090500 GOHIR.D13G161600"
"Response to oxidative stress","Up","Response to oxidative stress","4.8396",215,0.00032,"GOHIR.1Z049547 GOHIR.A01G015100 GOHIR.A01G105000 GOHIR.A01G167400 GOHIR.A01G177300 GOHIR.A02G093200 GOHIR.A02G153100 GOHIR.A02G172100 GOHIR.A02G173600 GOHIR.A02G177300 GOHIR.A03G024000 GOHIR.A03G024100 GOHIR.A03G060500 GOHIR.A03G108000 GOHIR.A03G109800 GOHIR.A03G110100 GOHIR.A03G172900 GOHIR.A03G173000 GOHIR.A03G173100 GOHIR.A03G204900 GOHIR.A03G212400 GOHIR.A04G045332 GOHIR.A04G075400 GOHIR.A04G112900 GOHIR.A04G120900 GOHIR.A05G061500 GOHIR.A05G100600 GOHIR.A05G157200 GOHIR.A05G170100 GOHIR.A05G179100 GOHIR.A05G184200 GOHIR.A05G190300 GOHIR.A05G236200 GOHIR.A05G280000 GOHIR.A05G338100 GOHIR.A05G374600 GOHIR.A05G401800 GOHIR.A06G001700 GOHIR.A06G033800 GOHIR.A06G045600 GOHIR.A06G098220 GOHIR.A06G111202 GOHIR.A07G001601 GOHIR.A07G033400 GOHIR.A07G034000 GOHIR.A07G054800 GOHIR.A07G217900 GOHIR.A07G227100 GOHIR.A07G228900 GOHIR.A07G229000 GOHIR.A08G039300 GOHIR.A08G039350 GOHIR.A08G039400 GOHIR.A08G069600 GOHIR.A08G074000 GOHIR.A08G078800 GOHIR.A08G079100 GOHIR.A08G083500 GOHIR.A08G131966 GOHIR.A08G182000 GOHIR.A08G185400 GOHIR.A08G195700 GOHIR.A08G195900 GOHIR.A08G196000 GOHIR.A08G196100 GOHIR.A08G203900 GOHIR.A08G220700 GOHIR.A08G229000 GOHIR.A08G233400 GOHIR.A09G007650 GOHIR.A09G128500 GOHIR.A09G151200 GOHIR.A09G168600 GOHIR.A09G213632 GOHIR.A09G213642 GOHIR.A09G232100 GOHIR.A09G248700 GOHIR.A10G064200 GOHIR.A10G090000 GOHIR.A10G102211 GOHIR.A10G102266 GOHIR.A10G148700 GOHIR.A10G148900 GOHIR.A10G181400 GOHIR.A10G181500 GOHIR.A11G042900 GOHIR.A11G181300 GOHIR.A11G201500 GOHIR.A11G205200 GOHIR.A11G240700 GOHIR.A12G007900 GOHIR.A12G008100 GOHIR.A12G008200 GOHIR.A12G031400 GOHIR.A12G060100 GOHIR.A12G086800 GOHIR.A12G156000 GOHIR.A12G158100 GOHIR.A12G195900 GOHIR.A12G210200 GOHIR.A12G227700 GOHIR.A12G227900 GOHIR.A12G245900 GOHIR.A12G262000 GOHIR.A13G005550 GOHIR.A13G091800 GOHIR.A13G091900 GOHIR.A13G229900 GOHIR.D01G010900 GOHIR.D01G090200 GOHIR.D01G137200 GOHIR.D01G158600 GOHIR.D01G168300 GOHIR.D02G068700 GOHIR.D02G111300 GOHIR.D02G133000 GOHIR.D02G134600 GOHIR.D02G134700 GOHIR.D02G196200 GOHIR.D02G226200 GOHIR.D02G233900 GOHIR.D03G002600 GOHIR.D03G006300 GOHIR.D03G008000 GOHIR.D03G027300 GOHIR.D03G105550 GOHIR.D03G144400 GOHIR.D03G144500 GOHIR.D04G013800 GOHIR.D04G041100 GOHIR.D04G076500 GOHIR.D04G114500 GOHIR.D04G115900 GOHIR.D04G154100 GOHIR.D04G154200 GOHIR.D04G162400 GOHIR.D05G017400 GOHIR.D05G064000 GOHIR.D05G082700 GOHIR.D05G100400 GOHIR.D05G160100 GOHIR.D05G173200 GOHIR.D05G182300 GOHIR.D05G187000 GOHIR.D05G193700 GOHIR.D05G238400 GOHIR.D05G281700 GOHIR.D05G337500 GOHIR.D06G034700 GOHIR.D06G046100 GOHIR.D06G100300 GOHIR.D06G115300 GOHIR.D07G002000 GOHIR.D07G037000 GOHIR.D07G037500 GOHIR.D07G059100 GOHIR.D07G059200 GOHIR.D07G235900 GOHIR.D07G236000 GOHIR.D08G049600 GOHIR.D08G078300 GOHIR.D08G083200 GOHIR.D08G088500 GOHIR.D08G088600 GOHIR.D08G093201 GOHIR.D08G200600 GOHIR.D08G203500 GOHIR.D08G213000 GOHIR.D08G213100 GOHIR.D08G213200 GOHIR.D08G221200 GOHIR.D08G237300 GOHIR.D08G249300 GOHIR.D08G253600 GOHIR.D09G060200 GOHIR.D09G124500 GOHIR.D09G146800 GOHIR.D09G164460 GOHIR.D09G213600 GOHIR.D09G233200 GOHIR.D09G249700 GOHIR.D10G065800 GOHIR.D10G098100 GOHIR.D10G117900 GOHIR.D10G118000 GOHIR.D10G165300 GOHIR.D10G165400 GOHIR.D10G179300 GOHIR.D10G188400 GOHIR.D10G188500 GOHIR.D11G046400 GOHIR.D11G060500 GOHIR.D11G219400 GOHIR.D11G221700 GOHIR.D11G239800 GOHIR.D12G007300 GOHIR.D12G007700 GOHIR.D12G007900 GOHIR.D12G040900 GOHIR.D12G060200 GOHIR.D12G073500 GOHIR.D12G082800 GOHIR.D12G089200 GOHIR.D12G159100 GOHIR.D12G161200 GOHIR.D12G198700 GOHIR.D12G212900 GOHIR.D12G230200 GOHIR.D12G230400 GOHIR.D12G262700 GOHIR.D13G005250 GOHIR.D13G087000 GOHIR.D13G087100 GOHIR.D13G087300 GOHIR.D13G235400"
"Peroxidase activity","Up","Peroxidase activity","4.7537",193,0.00032,"GOHIR.1Z049547 GOHIR.A01G015100 GOHIR.A01G115900 GOHIR.A01G167400 GOHIR.A01G177300 GOHIR.A02G093200 GOHIR.A02G104800 GOHIR.A02G153100 GOHIR.A02G172100 GOHIR.A02G173600 GOHIR.A03G024000 GOHIR.A03G024100 GOHIR.A03G108000 GOHIR.A03G109800 GOHIR.A03G110100 GOHIR.A03G172900 GOHIR.A03G173000 GOHIR.A03G173100 GOHIR.A03G204900 GOHIR.A04G045332 GOHIR.A04G075400 GOHIR.A04G112900 GOHIR.A04G120900 GOHIR.A05G061500 GOHIR.A05G100600 GOHIR.A05G157200 GOHIR.A05G170100 GOHIR.A05G184200 GOHIR.A05G190300 GOHIR.A05G194400 GOHIR.A05G236200 GOHIR.A05G280000 GOHIR.A05G338100 GOHIR.A05G374600 GOHIR.A05G401800 GOHIR.A06G001700 GOHIR.A06G033800 GOHIR.A06G045600 GOHIR.A06G098220 GOHIR.A06G111202 GOHIR.A07G001601 GOHIR.A07G016800 GOHIR.A07G034000 GOHIR.A07G045800 GOHIR.A07G217900 GOHIR.A07G227100 GOHIR.A07G228900 GOHIR.A07G229000 GOHIR.A08G039300 GOHIR.A08G039350 GOHIR.A08G039400 GOHIR.A08G078800 GOHIR.A08G079100 GOHIR.A08G083500 GOHIR.A08G131966 GOHIR.A08G195700 GOHIR.A08G195900 GOHIR.A08G196000 GOHIR.A08G196100 GOHIR.A08G203900 GOHIR.A08G220700 GOHIR.A08G229000 GOHIR.A09G007650 GOHIR.A09G128500 GOHIR.A09G151200 GOHIR.A09G213632 GOHIR.A09G213642 GOHIR.A10G064200 GOHIR.A10G090000 GOHIR.A10G102211 GOHIR.A10G102266 GOHIR.A10G148700 GOHIR.A10G148900 GOHIR.A10G181400 GOHIR.A10G181500 GOHIR.A11G042900 GOHIR.A11G181300 GOHIR.A11G201500 GOHIR.A11G205200 GOHIR.A11G240700 GOHIR.A11G267300 GOHIR.A12G007900 GOHIR.A12G008100 GOHIR.A12G008200 GOHIR.A12G086800 GOHIR.A12G156000 GOHIR.A12G158100 GOHIR.A12G195200 GOHIR.A12G210200 GOHIR.A12G233100 GOHIR.A12G245900 GOHIR.A12G262000 GOHIR.A13G005550 GOHIR.A13G091800 GOHIR.A13G091900 GOHIR.A13G229900 GOHIR.D01G010900 GOHIR.D01G137200 GOHIR.D01G158600 GOHIR.D01G168300 GOHIR.D02G068700 GOHIR.D02G111300 GOHIR.D02G133000 GOHIR.D02G134600 GOHIR.D02G134700 GOHIR.D02G196200 GOHIR.D02G226200 GOHIR.D03G006300 GOHIR.D03G008000 GOHIR.D03G027300 GOHIR.D03G079000 GOHIR.D03G111400 GOHIR.D03G144400 GOHIR.D03G144500 GOHIR.D04G013800 GOHIR.D04G041100 GOHIR.D04G076500 GOHIR.D04G114500 GOHIR.D04G115900 GOHIR.D04G154100 GOHIR.D04G154200 GOHIR.D04G162400 GOHIR.D05G017400 GOHIR.D05G064000 GOHIR.D05G082700 GOHIR.D05G100400 GOHIR.D05G160100 GOHIR.D05G173200 GOHIR.D05G187000 GOHIR.D05G193700 GOHIR.D05G197600 GOHIR.D05G238400 GOHIR.D05G261500 GOHIR.D05G281700 GOHIR.D05G337500 GOHIR.D06G034700 GOHIR.D06G046100 GOHIR.D06G100300 GOHIR.D06G115300 GOHIR.D07G002000 GOHIR.D07G016600 GOHIR.D07G037500 GOHIR.D07G050200 GOHIR.D07G235900 GOHIR.D07G236000 GOHIR.D08G049600 GOHIR.D08G088500 GOHIR.D08G088600 GOHIR.D08G093201 GOHIR.D08G134200 GOHIR.D08G213000 GOHIR.D08G213100 GOHIR.D08G213200 GOHIR.D08G221200 GOHIR.D08G237300 GOHIR.D08G249300 GOHIR.D09G060200 GOHIR.D09G124500 GOHIR.D09G146800 GOHIR.D09G213600 GOHIR.D10G065800 GOHIR.D10G098100 GOHIR.D10G117900 GOHIR.D10G118000 GOHIR.D10G165300 GOHIR.D10G165400 GOHIR.D10G179300 GOHIR.D10G188400 GOHIR.D10G188500 GOHIR.D11G046400 GOHIR.D11G060500 GOHIR.D11G219400 GOHIR.D11G221700 GOHIR.D11G239800 GOHIR.D11G277300 GOHIR.D12G007300 GOHIR.D12G007700 GOHIR.D12G007900 GOHIR.D12G073500 GOHIR.D12G082800 GOHIR.D12G089200 GOHIR.D12G159100 GOHIR.D12G161200 GOHIR.D12G185700 GOHIR.D12G197600 GOHIR.D12G212900 GOHIR.D12G234200 GOHIR.D12G262700 GOHIR.D13G005250 GOHIR.D13G087000 GOHIR.D13G087100 GOHIR.D13G087300 GOHIR.D13G235400"
"Hydrolase activity-acting on ester bonds","Up","Hydrolase activity-acting on ester bonds","4.5817",194,0.00048,"GOHIR.1Z049373 GOHIR.A01G081100 GOHIR.A01G084200 GOHIR.A01G207400 GOHIR.A01G211600 GOHIR.A02G073000 GOHIR.A02G172600 GOHIR.A02G175600 GOHIR.A03G000005 GOHIR.A03G051000 GOHIR.A03G063100 GOHIR.A03G095900 GOHIR.A03G106500 GOHIR.A03G133205 GOHIR.A03G133300 GOHIR.A03G133500 GOHIR.A03G133600 GOHIR.A04G014000 GOHIR.A04G017300 GOHIR.A04G017600 GOHIR.A04G017800 GOHIR.A04G018000 GOHIR.A04G064400 GOHIR.A04G090200 GOHIR.A05G003600 GOHIR.A05G046900 GOHIR.A05G140800 GOHIR.A05G140900 GOHIR.A05G141000 GOHIR.A05G152400 GOHIR.A05G157300 GOHIR.A05G157400 GOHIR.A05G224300 GOHIR.A05G252200 GOHIR.A05G272200 GOHIR.A05G359200 GOHIR.A06G110800 GOHIR.A06G110802 GOHIR.A06G195600 GOHIR.A06G198500 GOHIR.A07G000083 GOHIR.A07G050500 GOHIR.A07G106600 GOHIR.A07G119600 GOHIR.A07G182800 GOHIR.A07G187900 GOHIR.A07G188000 GOHIR.A07G202400 GOHIR.A07G220500 GOHIR.A07G224100 GOHIR.A07G227600 GOHIR.A08G018600 GOHIR.A08G052600 GOHIR.A08G070000 GOHIR.A08G217900 GOHIR.A08G218000 GOHIR.A09G032800 GOHIR.A09G190000 GOHIR.A09G242600 GOHIR.A10G029300 GOHIR.A10G030900 GOHIR.A10G032900 GOHIR.A10G064500 GOHIR.A10G093600 GOHIR.A10G101900 GOHIR.A10G102000 GOHIR.A10G160700 GOHIR.A11G031691 GOHIR.A11G034100 GOHIR.A11G036600 GOHIR.A11G058400 GOHIR.A11G093800 GOHIR.A11G107300 GOHIR.A11G152100 GOHIR.A11G160300 GOHIR.A11G224222 GOHIR.A11G243300 GOHIR.A11G263000 GOHIR.A12G000500 GOHIR.A12G091400 GOHIR.A12G187800 GOHIR.A12G211900 GOHIR.A12G274500 GOHIR.A13G006300 GOHIR.A13G015400 GOHIR.A13G083200 GOHIR.A13G103200 GOHIR.A13G103400 GOHIR.A13G107000 GOHIR.A13G118300 GOHIR.A13G136600 GOHIR.A13G162200 GOHIR.D01G010800 GOHIR.D01G068200 GOHIR.D01G070600 GOHIR.D01G151700 GOHIR.D01G163000 GOHIR.D01G196900 GOHIR.D01G200400 GOHIR.D02G080200 GOHIR.D02G080300 GOHIR.D02G113000 GOHIR.D02G131700 GOHIR.D02G157600 GOHIR.D02G157700 GOHIR.D02G157800 GOHIR.D02G158000 GOHIR.D03G001600 GOHIR.D03G004550 GOHIR.D03G116700 GOHIR.D04G055000 GOHIR.D04G101800 GOHIR.D04G130300 GOHIR.D05G004000 GOHIR.D05G048700 GOHIR.D05G134600 GOHIR.D05G143100 GOHIR.D05G143200 GOHIR.D05G147000 GOHIR.D05G154900 GOHIR.D05G160200 GOHIR.D05G187500 GOHIR.D05G226800 GOHIR.D05G249000 GOHIR.D05G254000 GOHIR.D05G274400 GOHIR.D05G368500 GOHIR.D05G368600 GOHIR.D05G368900 GOHIR.D05G372300 GOHIR.D06G134400 GOHIR.D06G134450 GOHIR.D06G203100 GOHIR.D06G203200 GOHIR.D06G205900 GOHIR.D07G055000 GOHIR.D07G110500 GOHIR.D07G119400 GOHIR.D07G123800 GOHIR.D07G189600 GOHIR.D07G194700 GOHIR.D07G194800 GOHIR.D07G208600 GOHIR.D07G227200 GOHIR.D07G231400 GOHIR.D07G234700 GOHIR.D08G029200 GOHIR.D08G062200 GOHIR.D08G078900 GOHIR.D08G142000 GOHIR.D08G234900 GOHIR.D08G235000 GOHIR.D08G252800 GOHIR.D09G032800 GOHIR.D09G166700 GOHIR.D09G184700 GOHIR.D09G243300 GOHIR.D10G029800 GOHIR.D10G033600 GOHIR.D10G066000 GOHIR.D10G085400 GOHIR.D10G086100 GOHIR.D10G086200 GOHIR.D10G094500 GOHIR.D10G179400 GOHIR.D11G035150 GOHIR.D11G037500 GOHIR.D11G039900 GOHIR.D11G062700 GOHIR.D11G098800 GOHIR.D11G112100 GOHIR.D11G158966 GOHIR.D11G176300 GOHIR.D11G178100 GOHIR.D11G235600 GOHIR.D11G237100 GOHIR.D11G252800 GOHIR.D11G253000 GOHIR.D11G273000 GOHIR.D12G037400 GOHIR.D12G068175 GOHIR.D12G091300 GOHIR.D12G190700 GOHIR.D12G214400 GOHIR.D12G241900 GOHIR.D12G275200 GOHIR.D13G016600 GOHIR.D13G096400 GOHIR.D13G106300 GOHIR.D13G106400 GOHIR.D13G110300 GOHIR.D13G122100 GOHIR.D13G141000 GOHIR.D13G141900"
"Photosynthesis","Up","Photosynthesis","4.0598",126,0.0037,"GOHIR.1Z050180 GOHIR.A01G037100 GOHIR.A01G139684 GOHIR.A01G164560 GOHIR.A01G164640 GOHIR.A01G188600 GOHIR.A02G067200 GOHIR.A03G168400 GOHIR.A03G216800 GOHIR.A04G001100 GOHIR.A04G050200 GOHIR.A04G096550 GOHIR.A04G106100 GOHIR.A05G032800 GOHIR.A05G085900 GOHIR.A05G086100 GOHIR.A05G086232 GOHIR.A05G086325 GOHIR.A05G131700 GOHIR.A05G143600 GOHIR.A05G167500 GOHIR.A05G300500 GOHIR.A05G350800 GOHIR.A05G380700 GOHIR.A05G384500 GOHIR.A06G048000 GOHIR.A06G115400 GOHIR.A06G121600 GOHIR.A06G138900 GOHIR.A06G200700 GOHIR.A07G014066 GOHIR.A07G078000 GOHIR.A07G089500 GOHIR.A07G152700 GOHIR.A07G155816 GOHIR.A07G160500 GOHIR.A07G163672 GOHIR.A07G166934 GOHIR.A07G202600 GOHIR.A07G209400 GOHIR.A08G010700 GOHIR.A08G015250 GOHIR.A08G046200 GOHIR.A08G053600 GOHIR.A08G066200 GOHIR.A08G188400 GOHIR.A08G213450 GOHIR.A09G043766 GOHIR.A09G101675 GOHIR.A10G016700 GOHIR.A10G030400 GOHIR.A10G068160 GOHIR.A10G151800 GOHIR.A11G101366 GOHIR.A11G127700 GOHIR.A11G135000 GOHIR.A11G188100 GOHIR.A11G226800 GOHIR.A11G248900 GOHIR.A11G266300 GOHIR.A12G011400 GOHIR.A12G076900 GOHIR.A12G124966 GOHIR.A13G077100 GOHIR.A13G109100 GOHIR.A13G141700 GOHIR.A13G151300 GOHIR.A13G176500 GOHIR.A13G191800 GOHIR.A13G191900 GOHIR.D01G024400 GOHIR.D01G102060 GOHIR.D01G180900 GOHIR.D02G038100 GOHIR.D02G073400 GOHIR.D02G191500 GOHIR.D02G238400 GOHIR.D04G031000 GOHIR.D04G034900 GOHIR.D04G061800 GOHIR.D04G096692 GOHIR.D04G146200 GOHIR.D05G034200 GOHIR.D05G131200 GOHIR.D05G145900 GOHIR.D05G170500 GOHIR.D05G300200 GOHIR.D05G330700 GOHIR.D06G048000 GOHIR.D06G048101 GOHIR.D06G125800 GOHIR.D06G135850 GOHIR.D06G146300 GOHIR.D06G208200 GOHIR.D07G013766 GOHIR.D07G082800 GOHIR.D07G094300 GOHIR.D07G168100 GOHIR.D07G208800 GOHIR.D07G215500 GOHIR.D08G021000 GOHIR.D08G056700 GOHIR.D08G074900 GOHIR.D08G206800 GOHIR.D09G067700 GOHIR.D10G016800 GOHIR.D10G031300 GOHIR.D10G108000 GOHIR.D10G114500 GOHIR.D11G133100 GOHIR.D11G141200 GOHIR.D11G194600 GOHIR.D11G230800 GOHIR.D11G259732 GOHIR.D11G276600 GOHIR.D12G004300 GOHIR.D12G011800 GOHIR.D12G087401 GOHIR.D13G076600 GOHIR.D13G084966 GOHIR.D13G111900 GOHIR.D13G132000 GOHIR.D13G146400 GOHIR.D13G155500 GOHIR.D13G197200 GOHIR.D13G197300"
"ATP hydrolysis coupled proton transport","Up","ATP hydrolysis coupled proton transport","3.4486",80,0.039,"GOHIR.1Z049478 GOHIR.1Z049992 GOHIR.1Z050092 GOHIR.A01G003900 GOHIR.A01G109000 GOHIR.A01G113400 GOHIR.A01G140039 GOHIR.A02G002100 GOHIR.A02G109706 GOHIR.A02G127200 GOHIR.A02G169500 GOHIR.A03G199600 GOHIR.A04G011500 GOHIR.A04G099300 GOHIR.A04G099400 GOHIR.A04G123500 GOHIR.A05G114800 GOHIR.A05G256100 GOHIR.A05G334700 GOHIR.A06G005900 GOHIR.A07G215700 GOHIR.A08G008100 GOHIR.A08G024400 GOHIR.A08G091800 GOHIR.A08G115566 GOHIR.A08G188000 GOHIR.A08G215400 GOHIR.A08G221656 GOHIR.A09G022100 GOHIR.A09G130000 GOHIR.A09G175600 GOHIR.A10G002200 GOHIR.A11G003800 GOHIR.A11G041300 GOHIR.A11G063400 GOHIR.A11G177100 GOHIR.A12G231200 GOHIR.A13G031500 GOHIR.A13G086625 GOHIR.A13G136100 GOHIR.A13G153099 GOHIR.D01G003900 GOHIR.D01G095700 GOHIR.D01G101200 GOHIR.D01G158000 GOHIR.D02G002400 GOHIR.D02G220900 GOHIR.D03G010500 GOHIR.D03G053800 GOHIR.D03G064500 GOHIR.D04G073600 GOHIR.D04G138700 GOHIR.D04G138800 GOHIR.D04G165500 GOHIR.D05G115200 GOHIR.D05G257700 GOHIR.D05G375100 GOHIR.D06G001700 GOHIR.D06G053900 GOHIR.D07G222700 GOHIR.D08G018100 GOHIR.D08G034900 GOHIR.D08G103700 GOHIR.D08G107100 GOHIR.D08G136300 GOHIR.D08G206400 GOHIR.D08G232100 GOHIR.D08G241000 GOHIR.D09G021300 GOHIR.D09G102000 GOHIR.D09G170600 GOHIR.D10G002200 GOHIR.D11G003300 GOHIR.D11G044600 GOHIR.D11G067700 GOHIR.D11G184900 GOHIR.D12G232300 GOHIR.D13G029500 GOHIR.D13G096500 GOHIR.D13G140400"
"Photosystem II","Up","Photosystem II","3.1583",70,0.073,"GOHIR.1Z050180 GOHIR.A01G037100 GOHIR.A01G139684 GOHIR.A01G188600 GOHIR.A02G067200 GOHIR.A04G050200 GOHIR.A04G096550 GOHIR.A05G032800 GOHIR.A05G085900 GOHIR.A05G086100 GOHIR.A05G086232 GOHIR.A05G167500 GOHIR.A05G300500 GOHIR.A05G350800 GOHIR.A05G380700 GOHIR.A06G048000 GOHIR.A06G115400 GOHIR.A06G121600 GOHIR.A07G014066 GOHIR.A07G078000 GOHIR.A07G152700 GOHIR.A07G209400 GOHIR.A08G053600 GOHIR.A08G188400 GOHIR.A09G043766 GOHIR.A10G016700 GOHIR.A10G068160 GOHIR.A10G151800 GOHIR.A11G127700 GOHIR.A11G188100 GOHIR.A11G248900 GOHIR.A11G266300 GOHIR.A12G076900 GOHIR.A12G124966 GOHIR.A13G077100 GOHIR.A13G109100 GOHIR.A13G141700 GOHIR.A13G176500 GOHIR.A13G191800 GOHIR.A13G191900 GOHIR.D01G024400 GOHIR.D01G102060 GOHIR.D01G180900 GOHIR.D02G073400 GOHIR.D04G034900 GOHIR.D04G061800 GOHIR.D04G096692 GOHIR.D05G034200 GOHIR.D05G170500 GOHIR.D05G300200 GOHIR.D05G330700 GOHIR.D06G048000 GOHIR.D06G048101 GOHIR.D06G125800 GOHIR.D07G013766 GOHIR.D07G082800 GOHIR.D07G215500 GOHIR.D08G206800 GOHIR.D10G016800 GOHIR.D10G108000 GOHIR.D10G114500 GOHIR.D11G133100 GOHIR.D11G194600 GOHIR.D11G259732 GOHIR.D11G276600 GOHIR.D13G076600 GOHIR.D13G111900 GOHIR.D13G146400 GOHIR.D13G197200 GOHIR.D13G197300"
"Oxidoreductase activity-acting on NAD(P)H-oxygen as acceptor","Up","Oxidoreductase activity-acting on NAD(P)H-oxygen as acceptor","3.053",19,0.12,"GOHIR.A01G115900 GOHIR.A02G104800 GOHIR.A05G194400 GOHIR.A07G016800 GOHIR.A07G045800 GOHIR.A11G267300 GOHIR.A12G195200 GOHIR.A12G233100 GOHIR.D03G079000 GOHIR.D03G111400 GOHIR.D05G197600 GOHIR.D05G261500 GOHIR.D07G016600 GOHIR.D07G050200 GOHIR.D08G134200 GOHIR.D11G277300 GOHIR.D12G185700 GOHIR.D12G197600 GOHIR.D12G234200"
"Transferase activity-transferring acyl groups other than amino-acyl groups","Up","Transferase activity-transferring acyl groups other than amino-acyl groups","3.0043",178,0.093,"GOHIR.1Z049338 GOHIR.A01G004600 GOHIR.A01G126200 GOHIR.A02G002100 GOHIR.A03G054200 GOHIR.A03G130100 GOHIR.A03G130201 GOHIR.A03G146400 GOHIR.A03G181000 GOHIR.A03G190500 GOHIR.A04G054100 GOHIR.A05G019700 GOHIR.A05G052550 GOHIR.A05G052701 GOHIR.A05G058000 GOHIR.A05G116200 GOHIR.A05G116400 GOHIR.A05G116500 GOHIR.A05G117700 GOHIR.A05G179500 GOHIR.A05G193500 GOHIR.A05G231900 GOHIR.A05G316200 GOHIR.A05G318401 GOHIR.A05G322900 GOHIR.A05G331100 GOHIR.A05G336400 GOHIR.A05G351800 GOHIR.A06G007000 GOHIR.A06G019800 GOHIR.A06G020200 GOHIR.A06G020300 GOHIR.A06G040700 GOHIR.A06G052200 GOHIR.A06G052250 GOHIR.A06G058800 GOHIR.A06G130100 GOHIR.A06G192300 GOHIR.A06G193100 GOHIR.A06G193400 GOHIR.A06G203600 GOHIR.A07G095200 GOHIR.A07G155500 GOHIR.A07G223600 GOHIR.A08G098500 GOHIR.A08G115566 GOHIR.A08G165850 GOHIR.A08G227600 GOHIR.A08G240100 GOHIR.A09G000500 GOHIR.A09G001100 GOHIR.A09G042100 GOHIR.A09G057100 GOHIR.A09G221400 GOHIR.A10G070200 GOHIR.A10G118600 GOHIR.A10G121400 GOHIR.A10G121700 GOHIR.A10G121800 GOHIR.A10G147300 GOHIR.A10G147800 GOHIR.A10G212900 GOHIR.A10G232800 GOHIR.A10G232900 GOHIR.A10G239400 GOHIR.A11G055300 GOHIR.A11G055400 GOHIR.A11G055500 GOHIR.A11G055700 GOHIR.A11G063000 GOHIR.A11G073100 GOHIR.A11G104200 GOHIR.A11G135901 GOHIR.A11G148500 GOHIR.A11G194800 GOHIR.A11G194900 GOHIR.A11G269000 GOHIR.A12G136600 GOHIR.A12G146800 GOHIR.A12G200500 GOHIR.A12G231200 GOHIR.A13G014400 GOHIR.A13G047500 GOHIR.A13G158400 GOHIR.A13G158500 GOHIR.A13G179900 GOHIR.A13G188400 GOHIR.D01G004550 GOHIR.D01G113800 GOHIR.D02G002400 GOHIR.D02G031600 GOHIR.D02G153800 GOHIR.D02G154000 GOHIR.D02G169600 GOHIR.D02G211400 GOHIR.D02G216100 GOHIR.D04G066800 GOHIR.D04G069800 GOHIR.D04G074900 GOHIR.D04G094300 GOHIR.D04G129100 GOHIR.D04G181050 GOHIR.D05G020800 GOHIR.D05G054200 GOHIR.D05G060000 GOHIR.D05G117200 GOHIR.D05G117300 GOHIR.D05G118600 GOHIR.D05G182700 GOHIR.D05G196700 GOHIR.D05G234200 GOHIR.D05G242800 GOHIR.D05G317000 GOHIR.D05G325600 GOHIR.D06G003500 GOHIR.D06G018100 GOHIR.D06G018400 GOHIR.D06G018700 GOHIR.D06G041700 GOHIR.D06G051200 GOHIR.D06G051250 GOHIR.D06G057100 GOHIR.D06G080532 GOHIR.D06G134550 GOHIR.D06G200200 GOHIR.D06G201000 GOHIR.D06G201100 GOHIR.D06G201200 GOHIR.D06G201300 GOHIR.D06G218000 GOHIR.D07G161900 GOHIR.D07G236300 GOHIR.D08G110100 GOHIR.D08G136300 GOHIR.D08G161533 GOHIR.D08G166200 GOHIR.D08G179000 GOHIR.D08G184700 GOHIR.D08G230833 GOHIR.D08G247950 GOHIR.D08G260700 GOHIR.D09G000900 GOHIR.D09G056300 GOHIR.D09G223500 GOHIR.D10G080900 GOHIR.D10G118900 GOHIR.D10G119700 GOHIR.D10G120400 GOHIR.D10G144300 GOHIR.D10G144400 GOHIR.D10G144700 GOHIR.D10G148000 GOHIR.D10G181500 GOHIR.D10G220701 GOHIR.D10G220800 GOHIR.D10G245100 GOHIR.D10G245200 GOHIR.D10G251300 GOHIR.D11G010500 GOHIR.D11G027200 GOHIR.D11G059500 GOHIR.D11G059600 GOHIR.D11G059800 GOHIR.D11G077400 GOHIR.D11G109000 GOHIR.D11G142300 GOHIR.D11G155300 GOHIR.D11G200900 GOHIR.D11G279150 GOHIR.D11G279200 GOHIR.D12G232300 GOHIR.D13G108366 GOHIR.D13G163100 GOHIR.D13G163200 GOHIR.D13G163300 GOHIR.D13G163400 GOHIR.D13G188000 GOHIR.D13G195400"
"Transporter activity","Up","Transporter activity","2.8052",315,0.13,"GOHIR.A01G002300 GOHIR.A01G023000 GOHIR.A01G131111 GOHIR.A01G144300 GOHIR.A01G163100 GOHIR.A01G169400 GOHIR.A01G178800 GOHIR.A01G212400 GOHIR.A01G215200 GOHIR.A01G215300 GOHIR.A02G016100 GOHIR.A02G041600 GOHIR.A02G087200 GOHIR.A02G119200 GOHIR.A02G119800 GOHIR.A02G154400 GOHIR.A03G002400 GOHIR.A03G007800 GOHIR.A03G009000 GOHIR.A03G009200 GOHIR.A03G017000 GOHIR.A03G017140 GOHIR.A03G033800 GOHIR.A03G038500 GOHIR.A03G048800 GOHIR.A03G061800 GOHIR.A03G064700 GOHIR.A03G078600 GOHIR.A03G098100 GOHIR.A03G100400 GOHIR.A03G100500 GOHIR.A03G142000 GOHIR.A03G152700 GOHIR.A03G179800 GOHIR.A03G181800 GOHIR.A03G205200 GOHIR.A04G010500 GOHIR.A04G070500 GOHIR.A04G073500 GOHIR.A04G074500 GOHIR.A04G097700 GOHIR.A04G114766 GOHIR.A04G125600 GOHIR.A04G134600 GOHIR.A05G090400 GOHIR.A05G098000 GOHIR.A05G100800 GOHIR.A05G100900 GOHIR.A05G103200 GOHIR.A05G119700 GOHIR.A05G131900 GOHIR.A05G150400 GOHIR.A05G154200 GOHIR.A05G199300 GOHIR.A05G199400 GOHIR.A05G199600 GOHIR.A05G207200 GOHIR.A05G222300 GOHIR.A05G226000 GOHIR.A05G237200 GOHIR.A05G258100 GOHIR.A05G272800 GOHIR.A05G361900 GOHIR.A05G403500 GOHIR.A06G015500 GOHIR.A06G046600 GOHIR.A06G056500 GOHIR.A06G093800 GOHIR.A06G097300 GOHIR.A06G128000 GOHIR.A06G136200 GOHIR.A06G144500 GOHIR.A06G153700 GOHIR.A06G157600 GOHIR.A06G164300 GOHIR.A06G176000 GOHIR.A07G035700 GOHIR.A07G053800 GOHIR.A07G083100 GOHIR.A07G107500 GOHIR.A07G150700 GOHIR.A07G169200 GOHIR.A07G197600 GOHIR.A07G204900 GOHIR.A07G219200 GOHIR.A08G000064 GOHIR.A08G002000 GOHIR.A08G007900 GOHIR.A08G107100 GOHIR.A08G158800 GOHIR.A08G169400 GOHIR.A08G171200 GOHIR.A08G183200 GOHIR.A08G198000 GOHIR.A08G250100 GOHIR.A08G250300 GOHIR.A09G020500 GOHIR.A09G024300 GOHIR.A09G107700 GOHIR.A09G107800 GOHIR.A09G143300 GOHIR.A09G143500 GOHIR.A09G149000 GOHIR.A09G149800 GOHIR.A09G152700 GOHIR.A09G163500 GOHIR.A09G164100 GOHIR.A09G198000 GOHIR.A09G213678 GOHIR.A10G008900 GOHIR.A10G033400 GOHIR.A10G036000 GOHIR.A10G098900 GOHIR.A10G133500 GOHIR.A10G158200 GOHIR.A10G180600 GOHIR.A10G181200 GOHIR.A10G185200 GOHIR.A10G205800 GOHIR.A10G213600 GOHIR.A10G233200 GOHIR.A10G233300 GOHIR.A10G233400 GOHIR.A11G029711 GOHIR.A11G050401 GOHIR.A11G069400 GOHIR.A11G073900 GOHIR.A11G153200 GOHIR.A11G153400 GOHIR.A11G209700 GOHIR.A11G218900 GOHIR.A11G240900 GOHIR.A11G275800 GOHIR.A11G282913 GOHIR.A11G282926 GOHIR.A11G323500 GOHIR.A11G324380 GOHIR.A11G329000 GOHIR.A12G019400 GOHIR.A12G039900 GOHIR.A12G045566 GOHIR.A12G081900 GOHIR.A12G099400 GOHIR.A12G160000 GOHIR.A12G175130 GOHIR.A12G175160 GOHIR.A12G175250 GOHIR.A12G175700 GOHIR.A12G175800 GOHIR.A12G176100 GOHIR.A12G219400 GOHIR.A12G276320 GOHIR.A13G011900 GOHIR.A13G016300 GOHIR.A13G052100 GOHIR.A13G054300 GOHIR.A13G119500 GOHIR.A13G166900 GOHIR.A13G183500 GOHIR.A13G229000 GOHIR.D01G001900 GOHIR.D01G021000 GOHIR.D01G116000 GOHIR.D01G116100 GOHIR.D01G120000 GOHIR.D01G136300 GOHIR.D01G155300 GOHIR.D01G160500 GOHIR.D01G169600 GOHIR.D01G201200 GOHIR.D01G203800 GOHIR.D01G203900 GOHIR.D02G047300 GOHIR.D02G102200 GOHIR.D02G115000 GOHIR.D02G115200 GOHIR.D02G118600 GOHIR.D02G165325 GOHIR.D02G175700 GOHIR.D02G202952 GOHIR.D02G203500 GOHIR.D02G226500 GOHIR.D02G238100 GOHIR.D02G239100 GOHIR.D03G003400 GOHIR.D03G026100 GOHIR.D03G033200 GOHIR.D03G060200 GOHIR.D03G066600 GOHIR.D03G091000 GOHIR.D03G104200 GOHIR.D03G118300 GOHIR.D03G129900 GOHIR.D03G134500 GOHIR.D03G150900 GOHIR.D03G161700 GOHIR.D03G161800 GOHIR.D03G163200 GOHIR.D03G169900 GOHIR.D04G015300 GOHIR.D04G109000 GOHIR.D04G112300 GOHIR.D04G113366 GOHIR.D04G137400 GOHIR.D04G156200 GOHIR.D04G170600 GOHIR.D04G177800 GOHIR.D05G091400 GOHIR.D05G098100 GOHIR.D05G100600 GOHIR.D05G100700 GOHIR.D05G102900 GOHIR.D05G120700 GOHIR.D05G121000 GOHIR.D05G132000 GOHIR.D05G152900 GOHIR.D05G157100 GOHIR.D05G202200 GOHIR.D05G202300 GOHIR.D05G202600 GOHIR.D05G210600 GOHIR.D05G219500 GOHIR.D05G225000 GOHIR.D05G228800 GOHIR.D05G239300 GOHIR.D05G247400 GOHIR.D05G259500 GOHIR.D05G263150 GOHIR.D05G323200 GOHIR.D05G377500 GOHIR.D06G013600 GOHIR.D06G047000 GOHIR.D06G054900 GOHIR.D06G093500 GOHIR.D06G098000 GOHIR.D06G139300 GOHIR.D06G139900 GOHIR.D06G141300 GOHIR.D06G160500 GOHIR.D06G163900 GOHIR.D06G169900 GOHIR.D06G185600 GOHIR.D07G039700 GOHIR.D07G058200 GOHIR.D07G089200 GOHIR.D07G111500 GOHIR.D07G175600 GOHIR.D07G203866 GOHIR.D07G210900 GOHIR.D08G008200 GOHIR.D08G012700 GOHIR.D08G118100 GOHIR.D08G179200 GOHIR.D08G189500 GOHIR.D08G201700 GOHIR.D08G215400 GOHIR.D08G249700 GOHIR.D08G271700 GOHIR.D08G271800 GOHIR.D09G023500 GOHIR.D09G078650 GOHIR.D09G094300 GOHIR.D09G139500 GOHIR.D09G144900 GOHIR.D09G145700 GOHIR.D09G148500 GOHIR.D09G159000 GOHIR.D09G159600 GOHIR.D09G174050 GOHIR.D10G034100 GOHIR.D10G036700 GOHIR.D10G083900 GOHIR.D10G089200 GOHIR.D10G133200 GOHIR.D10G188100 GOHIR.D10G191800 GOHIR.D10G214100 GOHIR.D10G222700 GOHIR.D10G245500 GOHIR.D10G245600 GOHIR.D10G245700 GOHIR.D11G033100 GOHIR.D11G053700 GOHIR.D11G073400 GOHIR.D11G078600 GOHIR.D11G093600 GOHIR.D11G159900 GOHIR.D11G160100 GOHIR.D11G204800 GOHIR.D11G250300 GOHIR.D11G286200 GOHIR.D11G342600 GOHIR.D11G343600 GOHIR.D11G348000 GOHIR.D12G019600 GOHIR.D12G024850 GOHIR.D12G044700 GOHIR.D12G072300 GOHIR.D12G102400 GOHIR.D12G163300 GOHIR.D12G170500 GOHIR.D12G178000 GOHIR.D12G178232 GOHIR.D12G178900 GOHIR.D12G179160 GOHIR.D12G195800 GOHIR.D12G221601 GOHIR.D12G277000 GOHIR.D13G012900 GOHIR.D13G017400 GOHIR.D13G067600 GOHIR.D13G123200 GOHIR.D13G170400 GOHIR.D13G189800 GOHIR.D13G234600"
"Vesicle-mediated transport","Up","Vesicle-mediated transport","2.7883",167,0.13,"GOHIR.A01G015400 GOHIR.A01G032700 GOHIR.A01G094100 GOHIR.A01G141400 GOHIR.A02G108700 GOHIR.A02G165200 GOHIR.A03G019300 GOHIR.A03G141000 GOHIR.A03G157500 GOHIR.A03G193950 GOHIR.A03G197900 GOHIR.A03G198000 GOHIR.A04G004700 GOHIR.A04G124000 GOHIR.A05G014200 GOHIR.A05G051300 GOHIR.A05G063700 GOHIR.A05G127983 GOHIR.A05G138600 GOHIR.A05G144600 GOHIR.A05G247800 GOHIR.A05G287200 GOHIR.A05G301800 GOHIR.A05G329200 GOHIR.A05G329933 GOHIR.A05G330700 GOHIR.A05G411400 GOHIR.A06G053700 GOHIR.A06G105400 GOHIR.A06G162600 GOHIR.A06G191966 GOHIR.A07G026100 GOHIR.A07G029200 GOHIR.A07G156100 GOHIR.A07G162900 GOHIR.A08G003200 GOHIR.A08G003300 GOHIR.A08G006000 GOHIR.A08G046900 GOHIR.A08G134700 GOHIR.A08G148700 GOHIR.A08G174200 GOHIR.A08G184000 GOHIR.A08G230700 GOHIR.A08G251000 GOHIR.A08G251500 GOHIR.A09G003200 GOHIR.A09G083400 GOHIR.A09G087400 GOHIR.A09G092000 GOHIR.A09G096700 GOHIR.A09G118400 GOHIR.A09G203000 GOHIR.A09G210600 GOHIR.A09G239600 GOHIR.A10G024000 GOHIR.A10G045100 GOHIR.A10G056500 GOHIR.A10G079600 GOHIR.A10G122200 GOHIR.A10G155700 GOHIR.A10G239800 GOHIR.A11G014300 GOHIR.A11G136600 GOHIR.A11G149550 GOHIR.A11G184400 GOHIR.A12G028300 GOHIR.A12G033600 GOHIR.A12G041700 GOHIR.A12G041800 GOHIR.A12G052100 GOHIR.A12G116600 GOHIR.A12G201100 GOHIR.A12G221300 GOHIR.A12G266900 GOHIR.A13G014600 GOHIR.A13G034800 GOHIR.A13G086200 GOHIR.A13G122100 GOHIR.A13G178300 GOHIR.A13G181200 GOHIR.D01G015400 GOHIR.D01G023478 GOHIR.D01G078600 GOHIR.D01G079901 GOHIR.D01G132800 GOHIR.D02G163900 GOHIR.D02G215000 GOHIR.D02G219200 GOHIR.D02G219300 GOHIR.D03G059600 GOHIR.D03G061100 GOHIR.D03G149700 GOHIR.D04G004600 GOHIR.D04G067300 GOHIR.D04G068000 GOHIR.D04G068800 GOHIR.D04G166100 GOHIR.D05G015300 GOHIR.D05G052800 GOHIR.D05G057800 GOHIR.D05G066300 GOHIR.D05G128650 GOHIR.D05G140800 GOHIR.D05G146900 GOHIR.D05G251400 GOHIR.D05G257300 GOHIR.D05G288300 GOHIR.D05G301500 GOHIR.D05G385200 GOHIR.D06G052800 GOHIR.D06G106900 GOHIR.D06G107500 GOHIR.D06G168100 GOHIR.D07G030000 GOHIR.D07G033200 GOHIR.D07G162400 GOHIR.D07G170000 GOHIR.D08G013600 GOHIR.D08G013700 GOHIR.D08G016300 GOHIR.D08G057300 GOHIR.D08G169800 GOHIR.D08G202500 GOHIR.D08G251100 GOHIR.D08G272500 GOHIR.D08G273000 GOHIR.D09G003000 GOHIR.D09G052966 GOHIR.D09G083400 GOHIR.D09G087100 GOHIR.D09G091900 GOHIR.D09G115300 GOHIR.D09G156925 GOHIR.D09G197100 GOHIR.D09G204000 GOHIR.D09G240500 GOHIR.D10G024700 GOHIR.D10G046400 GOHIR.D10G048301 GOHIR.D10G058400 GOHIR.D10G071900 GOHIR.D10G109700 GOHIR.D10G143800 GOHIR.D10G251700 GOHIR.D11G014500 GOHIR.D11G142900 GOHIR.D11G156360 GOHIR.D11G159200 GOHIR.D11G190900 GOHIR.D11G197100 GOHIR.D12G027900 GOHIR.D12G030400 GOHIR.D12G030500 GOHIR.D12G038900 GOHIR.D12G050500 GOHIR.D12G088600 GOHIR.D12G120100 GOHIR.D12G203900 GOHIR.D12G223700 GOHIR.D12G267400 GOHIR.D13G015800 GOHIR.D13G033200 GOHIR.D13G099100 GOHIR.D13G125900 GOHIR.D13G186400 GOHIR.D13G189000"
"Transferase activity-transferring glycosyl groups","Up","Transferase activity-transferring glycosyl groups","2.6948",176,0.15,"GOHIR.A01G010900 GOHIR.A01G074200 GOHIR.A01G083100 GOHIR.A01G085900 GOHIR.A01G117500 GOHIR.A02G049400 GOHIR.A02G089300 GOHIR.A02G108505 GOHIR.A02G150500 GOHIR.A02G162700 GOHIR.A03G020000 GOHIR.A03G020300 GOHIR.A03G035800 GOHIR.A03G066250 GOHIR.A03G067800 GOHIR.A03G144000 GOHIR.A03G163900 GOHIR.A03G164000 GOHIR.A04G010200 GOHIR.A04G105500 GOHIR.A05G025900 GOHIR.A05G091000 GOHIR.A05G177000 GOHIR.A05G202000 GOHIR.A05G231700 GOHIR.A05G260460 GOHIR.A05G269700 GOHIR.A05G319608 GOHIR.A05G370900 GOHIR.A05G378000 GOHIR.A06G018400 GOHIR.A06G067200 GOHIR.A06G079400 GOHIR.A06G157400 GOHIR.A07G092700 GOHIR.A07G126900 GOHIR.A07G130000 GOHIR.A07G160600 GOHIR.A07G161700 GOHIR.A07G178000 GOHIR.A07G209500 GOHIR.A08G042800 GOHIR.A08G042900 GOHIR.A08G061801 GOHIR.A08G115400 GOHIR.A08G128500 GOHIR.A08G139600 GOHIR.A08G188500 GOHIR.A08G204400 GOHIR.A09G050700 GOHIR.A09G050800 GOHIR.A09G051000 GOHIR.A09G121700 GOHIR.A09G213674 GOHIR.A09G241300 GOHIR.A10G082400 GOHIR.A10G222100 GOHIR.A11G033800 GOHIR.A11G056000 GOHIR.A11G071800 GOHIR.A11G083400 GOHIR.A11G091100 GOHIR.A11G107800 GOHIR.A11G112100 GOHIR.A11G115100 GOHIR.A11G127800 GOHIR.A11G187100 GOHIR.A11G213800 GOHIR.A11G220400 GOHIR.A12G057132 GOHIR.A12G068900 GOHIR.A12G077700 GOHIR.A12G107800 GOHIR.A12G127900 GOHIR.A12G134700 GOHIR.A12G179100 GOHIR.A12G234400 GOHIR.A12G243900 GOHIR.A12G267400 GOHIR.A12G275200 GOHIR.A13G065300 GOHIR.A13G070600 GOHIR.A13G079700 GOHIR.A13G092600 GOHIR.A13G107400 GOHIR.A13G113200 GOHIR.A13G141500 GOHIR.A13G149000 GOHIR.A13G161600 GOHIR.A13G176700 GOHIR.D01G069600 GOHIR.D02G093600 GOHIR.D02G112200 GOHIR.D02G187300 GOHIR.D02G187400 GOHIR.D03G017600 GOHIR.D03G029800 GOHIR.D03G061300 GOHIR.D03G069705 GOHIR.D03G148400 GOHIR.D03G148900 GOHIR.D04G037600 GOHIR.D04G044700 GOHIR.D04G145300 GOHIR.D05G027400 GOHIR.D05G092000 GOHIR.D05G180400 GOHIR.D05G205100 GOHIR.D05G233966 GOHIR.D05G262400 GOHIR.D05G271700 GOHIR.D05G321800 GOHIR.D05G377800 GOHIR.D06G009800 GOHIR.D06G016600 GOHIR.D06G065800 GOHIR.D06G079000 GOHIR.D06G163700 GOHIR.D07G097300 GOHIR.D07G131000 GOHIR.D07G134200 GOHIR.D07G150700 GOHIR.D07G164900 GOHIR.D07G185200 GOHIR.D07G215600 GOHIR.D08G052600 GOHIR.D08G052700 GOHIR.D08G070800 GOHIR.D08G136000 GOHIR.D08G149800 GOHIR.D08G160600 GOHIR.D08G206900 GOHIR.D08G221700 GOHIR.D09G051700 GOHIR.D09G051800 GOHIR.D09G052100 GOHIR.D09G117900 GOHIR.D09G215600 GOHIR.D09G242000 GOHIR.D10G106400 GOHIR.D10G234400 GOHIR.D11G037200 GOHIR.D11G060100 GOHIR.D11G075800 GOHIR.D11G087500 GOHIR.D11G095800 GOHIR.D11G112500 GOHIR.D11G117200 GOHIR.D11G133200 GOHIR.D11G193600 GOHIR.D11G203200 GOHIR.D11G209600 GOHIR.D11G254901 GOHIR.D11G274800 GOHIR.D12G027400 GOHIR.D12G056800 GOHIR.D12G075900 GOHIR.D12G111100 GOHIR.D12G131600 GOHIR.D12G138300 GOHIR.D12G181700 GOHIR.D12G232900 GOHIR.D12G244900 GOHIR.D12G267900 GOHIR.D12G275900 GOHIR.D13G051100 GOHIR.D13G056400 GOHIR.D13G079400 GOHIR.D13G098200 GOHIR.D13G110600 GOHIR.D13G116300 GOHIR.D13G116400 GOHIR.D13G146200 GOHIR.D13G153500 GOHIR.D13G172400 GOHIR.D13G183200"
"Oxidoreductase activity-acting on the CH-OH group of donors-NAD or NADP as acceptor","Up","Oxidoreductase activity-acting on the CH-OH group of donors-NAD or NADP as acceptor","2.6086",163,0.18,"GOHIR.A01G047100 GOHIR.A01G057700 GOHIR.A01G169100 GOHIR.A01G179300 GOHIR.A01G211400 GOHIR.A01G219100 GOHIR.A02G019300 GOHIR.A02G039400 GOHIR.A02G050000 GOHIR.A02G127600 GOHIR.A02G147700 GOHIR.A03G012900 GOHIR.A03G013000 GOHIR.A03G040100 GOHIR.A03G067000 GOHIR.A03G103800 GOHIR.A04G038400 GOHIR.A04G044900 GOHIR.A04G078700 GOHIR.A04G125400 GOHIR.A05G042700 GOHIR.A05G082900 GOHIR.A05G084000 GOHIR.A05G097200 GOHIR.A05G131500 GOHIR.A05G353300 GOHIR.A05G358700 GOHIR.A05G378100 GOHIR.A05G409300 GOHIR.A06G021600 GOHIR.A06G118300 GOHIR.A06G158400 GOHIR.A06G181600 GOHIR.A07G066200 GOHIR.A07G069300 GOHIR.A07G073200 GOHIR.A07G106800 GOHIR.A07G146200 GOHIR.A07G219700 GOHIR.A08G021724 GOHIR.A08G021732 GOHIR.A08G030800 GOHIR.A08G076100 GOHIR.A08G092400 GOHIR.A08G092700 GOHIR.A08G155700 GOHIR.A08G171900 GOHIR.A08G202950 GOHIR.A08G235900 GOHIR.A09G026800 GOHIR.A09G028100 GOHIR.A09G031100 GOHIR.A09G082100 GOHIR.A09G091500 GOHIR.A09G121200 GOHIR.A09G148800 GOHIR.A09G190200 GOHIR.A09G204100 GOHIR.A10G005700 GOHIR.A10G072700 GOHIR.A10G103000 GOHIR.A10G111200 GOHIR.A10G216100 GOHIR.A11G031601 GOHIR.A11G072100 GOHIR.A11G080200 GOHIR.A11G114600 GOHIR.A11G169433 GOHIR.A11G169500 GOHIR.A11G289600 GOHIR.A12G022400 GOHIR.A12G058000 GOHIR.A12G087300 GOHIR.A12G130400 GOHIR.A12G161900 GOHIR.A12G219850 GOHIR.A12G235300 GOHIR.A13G043500 GOHIR.A13G081100 GOHIR.A13G127400 GOHIR.A13G223300 GOHIR.D01G037750 GOHIR.D01G037800 GOHIR.D01G044100 GOHIR.D01G069300 GOHIR.D01G160100 GOHIR.D01G170100 GOHIR.D01G208200 GOHIR.D02G022600 GOHIR.D02G045500 GOHIR.D02G129000 GOHIR.D03G032700 GOHIR.D03G053400 GOHIR.D03G093400 GOHIR.D03G127900 GOHIR.D03G156500 GOHIR.D03G156600 GOHIR.D03G162000 GOHIR.D04G006100 GOHIR.D04G037501 GOHIR.D04G055400 GOHIR.D04G060000 GOHIR.D04G117900 GOHIR.D04G161100 GOHIR.D04G170300 GOHIR.D05G085800 GOHIR.D05G086800 GOHIR.D05G097300 GOHIR.D05G120800 GOHIR.D05G131000 GOHIR.D05G204700 GOHIR.D05G338200 GOHIR.D05G344600 GOHIR.D06G019100 GOHIR.D06G122100 GOHIR.D06G164300 GOHIR.D06G188300 GOHIR.D07G070700 GOHIR.D07G073700 GOHIR.D07G077800 GOHIR.D07G110700 GOHIR.D07G151200 GOHIR.D07G152300 GOHIR.D07G226500 GOHIR.D08G032575 GOHIR.D08G085500 GOHIR.D08G098100 GOHIR.D08G156400 GOHIR.D08G176300 GOHIR.D08G190300 GOHIR.D08G220000 GOHIR.D08G256300 GOHIR.D09G026500 GOHIR.D09G027500 GOHIR.D09G031300 GOHIR.D09G081900 GOHIR.D09G091500 GOHIR.D09G117300 GOHIR.D09G144600 GOHIR.D09G197900 GOHIR.D10G005700 GOHIR.D10G078300 GOHIR.D10G087200 GOHIR.D10G225100 GOHIR.D11G035100 GOHIR.D11G076100 GOHIR.D11G084900 GOHIR.D11G119700 GOHIR.D11G175700 GOHIR.D11G302800 GOHIR.D12G022800 GOHIR.D12G039100 GOHIR.D12G057800 GOHIR.D12G059400 GOHIR.D12G085500 GOHIR.D12G134200 GOHIR.D12G165200 GOHIR.D12G222000 GOHIR.D12G226050 GOHIR.D12G236500 GOHIR.D13G042000 GOHIR.D13G080800 GOHIR.D13G131100"
"Photosystem I","Up","Photosystem I","2.5493",38,0.19,"GOHIR.A01G164560 GOHIR.A01G164640 GOHIR.A03G216800 GOHIR.A04G001100 GOHIR.A05G131700 GOHIR.A05G143600 GOHIR.A05G384500 GOHIR.A06G138900 GOHIR.A07G089500 GOHIR.A07G155816 GOHIR.A07G160500 GOHIR.A07G163672 GOHIR.A07G166934 GOHIR.A07G202600 GOHIR.A08G015250 GOHIR.A08G046200 GOHIR.A08G066200 GOHIR.A08G213450 GOHIR.A11G101366 GOHIR.A11G135000 GOHIR.A11G226800 GOHIR.D02G038100 GOHIR.D02G238400 GOHIR.D04G031000 GOHIR.D05G131200 GOHIR.D05G145900 GOHIR.D06G135850 GOHIR.D06G146300 GOHIR.D07G094300 GOHIR.D07G168100 GOHIR.D07G208800 GOHIR.D08G056700 GOHIR.D08G074900 GOHIR.D11G141200 GOHIR.D11G230800 GOHIR.D12G004300 GOHIR.D13G084966 GOHIR.D13G132000"
"Response to biotic stimulus","Up","Response to biotic stimulus","2.5096",58,0.19,"GOHIR.A01G065800 GOHIR.A01G065900 GOHIR.A01G150800 GOHIR.A02G051800 GOHIR.A02G052100 GOHIR.A02G052300 GOHIR.A02G052400 GOHIR.A02G141800 GOHIR.A02G141900 GOHIR.A03G115200 GOHIR.A03G119900 GOHIR.A04G024704 GOHIR.A04G024708 GOHIR.A04G028300 GOHIR.A04G103600 GOHIR.A04G103900 GOHIR.A07G022164 GOHIR.A10G168100 GOHIR.A10G169400 GOHIR.A10G169466 GOHIR.A10G169600 GOHIR.A10G169700 GOHIR.A10G169800 GOHIR.A10G169900 GOHIR.A10G170000 GOHIR.A10G170100 GOHIR.A10G170200 GOHIR.A11G303200 GOHIR.D01G143900 GOHIR.D02G056600 GOHIR.D02G056700 GOHIR.D02G057100 GOHIR.D02G057400 GOHIR.D02G057500 GOHIR.D02G140000 GOHIR.D02G143100 GOHIR.D03G052300 GOHIR.D03G052400 GOHIR.D03G052700 GOHIR.D04G143000 GOHIR.D04G143600 GOHIR.D05G358800 GOHIR.D05G358900 GOHIR.D05G359001 GOHIR.D07G023400 GOHIR.D10G174200 GOHIR.D10G175600 GOHIR.D10G175700 GOHIR.D10G175900 GOHIR.D10G176000 GOHIR.D10G176300 GOHIR.D10G176400 GOHIR.D10G176500 GOHIR.D10G176600 GOHIR.D10G176700 GOHIR.D10G176900 GOHIR.D10G177000 GOHIR.D10G177100"
