"","Direction","adj.Pval","nGenes","Pathways","Genes"
"1","Down regulated",1.6076559856533e-98,282,"Translation","GOHIR.A01G048100 GOHIR.A01G086000 GOHIR.A01G098400 GOHIR.A01G137669 GOHIR.A01G194700 GOHIR.A01G198200 GOHIR.A01G198300 GOHIR.A01G217100 GOHIR.A01G217800 GOHIR.A01G224400 GOHIR.A01G229300 GOHIR.A02G033801 GOHIR.A02G033802 GOHIR.A02G035600 GOHIR.A02G040100 GOHIR.A02G058500 GOHIR.A02G062700 GOHIR.A02G090700 GOHIR.A02G094600 GOHIR.A02G143100 GOHIR.A02G151900 GOHIR.A03G000043 GOHIR.A03G038300 GOHIR.A03G039000 GOHIR.A03G069400 GOHIR.A03G094200 GOHIR.A03G183800 GOHIR.A03G217200 GOHIR.A03G217800 GOHIR.A04G068900 GOHIR.A04G095042 GOHIR.A04G109416 GOHIR.A05G027900 GOHIR.A05G030500 GOHIR.A05G048500 GOHIR.A05G051700 GOHIR.A05G098100 GOHIR.A05G101100 GOHIR.A05G131100 GOHIR.A05G151300 GOHIR.A05G223400 GOHIR.A05G246900 GOHIR.A05G270800 GOHIR.A05G270850 GOHIR.A05G287800 GOHIR.A05G385900 GOHIR.A06G050800 GOHIR.A06G070600 GOHIR.A06G095100 GOHIR.A06G179500 GOHIR.A06G183700 GOHIR.A06G190300 GOHIR.A07G056300 GOHIR.A07G066600 GOHIR.A07G081300 GOHIR.A07G083800 GOHIR.A07G090900 GOHIR.A07G095500 GOHIR.A07G095900 GOHIR.A07G142500 GOHIR.A07G146100 GOHIR.A07G157700 GOHIR.A07G161400 GOHIR.A07G165000 GOHIR.A07G165100 GOHIR.A07G184200 GOHIR.A07G194900 GOHIR.A07G197300 GOHIR.A08G031000 GOHIR.A08G039601 GOHIR.A08G042200 GOHIR.A08G051000 GOHIR.A08G077100 GOHIR.A08G081800 GOHIR.A08G140200 GOHIR.A08G152100 GOHIR.A08G196400 GOHIR.A08G198100 GOHIR.A08G214200 GOHIR.A08G244400 GOHIR.A08G251100 GOHIR.A09G058700 GOHIR.A09G077600 GOHIR.A09G078600 GOHIR.A09G113800 GOHIR.A09G129100 GOHIR.A09G131200 GOHIR.A09G167100 GOHIR.A09G176900 GOHIR.A09G177100 GOHIR.A09G178200 GOHIR.A09G178300 GOHIR.A09G204900 GOHIR.A09G213602 GOHIR.A09G228900 GOHIR.A09G246500 GOHIR.A10G001800 GOHIR.A10G039800 GOHIR.A10G062300 GOHIR.A10G098000 GOHIR.A10G108900 GOHIR.A10G123400 GOHIR.A10G145400 GOHIR.A10G178500 GOHIR.A10G210300 GOHIR.A10G213000 GOHIR.A11G005300 GOHIR.A11G007800 GOHIR.A11G027100 GOHIR.A11G032800 GOHIR.A11G039900 GOHIR.A11G041600 GOHIR.A11G053100 GOHIR.A11G113800 GOHIR.A11G114400 GOHIR.A11G133100 GOHIR.A11G141400 GOHIR.A11G176400 GOHIR.A11G181200 GOHIR.A11G265700 GOHIR.A11G268600 GOHIR.A11G294900 GOHIR.A11G314000 GOHIR.A11G325300 GOHIR.A12G089000 GOHIR.A12G133600 GOHIR.A12G165200 GOHIR.A12G212200 GOHIR.A12G215733 GOHIR.A12G215800 GOHIR.A12G256600 GOHIR.A13G041800 GOHIR.A13G060300 GOHIR.A13G068300 GOHIR.A13G105100 GOHIR.A13G135500 GOHIR.A13G158200 GOHIR.A13G174820 GOHIR.A13G185400 GOHIR.A13G194100 GOHIR.A13G194200 GOHIR.A13G228600 GOHIR.D01G007400 GOHIR.D01G072300 GOHIR.D01G083000 GOHIR.D01G123300 GOHIR.D01G154600 GOHIR.D01G167600 GOHIR.D01G188400 GOHIR.D01G188500 GOHIR.D01G213700 GOHIR.D01G219200 GOHIR.D02G005000 GOHIR.D02G008600 GOHIR.D02G042300 GOHIR.D02G046200 GOHIR.D02G048000 GOHIR.D02G064300 GOHIR.D02G068300 GOHIR.D02G109800 GOHIR.D02G205300 GOHIR.D03G006000 GOHIR.D03G088900 GOHIR.D03G095000 GOHIR.D03G130100 GOHIR.D03G130600 GOHIR.D03G175300 GOHIR.D04G147600 GOHIR.D05G029700 GOHIR.D05G050400 GOHIR.D05G053200 GOHIR.D05G097700 GOHIR.D05G098200 GOHIR.D05G130400 GOHIR.D05G153700 GOHIR.D05G176000 GOHIR.D05G248400 GOHIR.D05G272800 GOHIR.D05G282200 GOHIR.D05G297700 GOHIR.D06G049900 GOHIR.D06G054400 GOHIR.D06G069200 GOHIR.D06G149300 GOHIR.D06G198700 GOHIR.D07G028600 GOHIR.D07G060500 GOHIR.D07G065600 GOHIR.D07G071100 GOHIR.D07G074400 GOHIR.D07G086950 GOHIR.D07G089900 GOHIR.D07G095600 GOHIR.D07G095700 GOHIR.D07G099800 GOHIR.D07G100300 GOHIR.D07G148400 GOHIR.D07G152200 GOHIR.D07G157700 GOHIR.D07G166000 GOHIR.D07G177000 GOHIR.D07G191000 GOHIR.D08G016200 GOHIR.D08G042100 GOHIR.D08G049700 GOHIR.D08G052000 GOHIR.D08G057400 GOHIR.D08G058500 GOHIR.D08G086700 GOHIR.D08G091100 GOHIR.D08G120900 GOHIR.D08G181900 GOHIR.D08G213500 GOHIR.D08G224600 GOHIR.D08G231200 GOHIR.D08G240100 GOHIR.D08G258100 GOHIR.D08G272600 GOHIR.D09G056100 GOHIR.D09G079100 GOHIR.D09G110400 GOHIR.D09G125300 GOHIR.D09G127000 GOHIR.D09G127266 GOHIR.D09G127400 GOHIR.D09G163000 GOHIR.D09G172700 GOHIR.D09G173800 GOHIR.D09G173900 GOHIR.D09G198600 GOHIR.D09G205900 GOHIR.D09G230000 GOHIR.D09G247300 GOHIR.D10G001900 GOHIR.D10G040600 GOHIR.D10G040700 GOHIR.D10G043500 GOHIR.D10G064000 GOHIR.D10G090166 GOHIR.D10G098400 GOHIR.D10G121600 GOHIR.D10G142400 GOHIR.D10G150500 GOHIR.D10G152300 GOHIR.D10G158900 GOHIR.D10G164900 GOHIR.D10G185100 GOHIR.D10G218600 GOHIR.D10G220900 GOHIR.D11G004600 GOHIR.D11G006900 GOHIR.D11G026300 GOHIR.D11G043200 GOHIR.D11G052100 GOHIR.D11G056600 GOHIR.D11G111600 GOHIR.D11G118000 GOHIR.D11G119500 GOHIR.D11G139200 GOHIR.D11G147700 GOHIR.D11G162100 GOHIR.D11G164000 GOHIR.D11G309600 GOHIR.D11G331200 GOHIR.D11G344300 GOHIR.D12G003600 GOHIR.D12G089400 GOHIR.D12G137100 GOHIR.D12G218400 GOHIR.D12G257900 GOHIR.D12G264600 GOHIR.D13G040500 GOHIR.D13G096200 GOHIR.D13G108300 GOHIR.D13G129600 GOHIR.D13G162900 GOHIR.D13G180650 GOHIR.D13G191000 GOHIR.D13G191900 GOHIR.D13G199900 GOHIR.D13G200000 GOHIR.D13G208300"
"2","Down regulated",1.6076559856533e-98,272,"Ribosome","GOHIR.A01G048100 GOHIR.A01G086000 GOHIR.A01G098400 GOHIR.A01G137669 GOHIR.A01G194700 GOHIR.A01G198300 GOHIR.A01G217100 GOHIR.A01G217800 GOHIR.A01G224400 GOHIR.A01G229300 GOHIR.A02G033801 GOHIR.A02G033802 GOHIR.A02G035600 GOHIR.A02G040100 GOHIR.A02G058500 GOHIR.A02G062700 GOHIR.A02G090700 GOHIR.A02G094600 GOHIR.A02G143100 GOHIR.A03G000043 GOHIR.A03G038300 GOHIR.A03G039000 GOHIR.A03G069400 GOHIR.A03G094200 GOHIR.A03G183800 GOHIR.A03G217200 GOHIR.A04G068900 GOHIR.A04G095042 GOHIR.A05G027900 GOHIR.A05G030500 GOHIR.A05G048500 GOHIR.A05G051700 GOHIR.A05G098100 GOHIR.A05G101100 GOHIR.A05G131100 GOHIR.A05G151300 GOHIR.A05G223400 GOHIR.A05G246900 GOHIR.A05G270800 GOHIR.A05G270850 GOHIR.A05G287800 GOHIR.A05G385900 GOHIR.A06G050800 GOHIR.A06G070600 GOHIR.A06G095100 GOHIR.A06G126800 GOHIR.A06G179500 GOHIR.A06G183700 GOHIR.A06G190300 GOHIR.A07G056300 GOHIR.A07G066600 GOHIR.A07G081300 GOHIR.A07G083800 GOHIR.A07G090900 GOHIR.A07G095500 GOHIR.A07G095900 GOHIR.A07G142500 GOHIR.A07G146100 GOHIR.A07G157700 GOHIR.A07G161400 GOHIR.A07G165000 GOHIR.A07G165100 GOHIR.A07G184200 GOHIR.A07G194900 GOHIR.A07G197300 GOHIR.A08G031000 GOHIR.A08G039601 GOHIR.A08G042200 GOHIR.A08G051000 GOHIR.A08G077100 GOHIR.A08G081800 GOHIR.A08G140200 GOHIR.A08G152100 GOHIR.A08G196400 GOHIR.A08G198100 GOHIR.A08G214200 GOHIR.A08G244400 GOHIR.A08G251100 GOHIR.A09G058700 GOHIR.A09G077600 GOHIR.A09G078600 GOHIR.A09G113800 GOHIR.A09G129100 GOHIR.A09G167100 GOHIR.A09G176900 GOHIR.A09G177100 GOHIR.A09G178200 GOHIR.A09G178300 GOHIR.A09G204900 GOHIR.A09G213602 GOHIR.A09G228900 GOHIR.A09G246500 GOHIR.A10G001800 GOHIR.A10G039800 GOHIR.A10G062300 GOHIR.A10G098000 GOHIR.A10G108900 GOHIR.A10G123400 GOHIR.A10G145400 GOHIR.A10G178500 GOHIR.A10G210300 GOHIR.A10G213000 GOHIR.A11G005300 GOHIR.A11G007800 GOHIR.A11G027100 GOHIR.A11G032800 GOHIR.A11G039900 GOHIR.A11G041600 GOHIR.A11G053100 GOHIR.A11G113800 GOHIR.A11G114400 GOHIR.A11G133100 GOHIR.A11G141400 GOHIR.A11G176400 GOHIR.A11G265700 GOHIR.A11G268600 GOHIR.A11G294900 GOHIR.A11G314000 GOHIR.A11G325300 GOHIR.A12G089000 GOHIR.A12G133600 GOHIR.A12G165200 GOHIR.A12G212200 GOHIR.A12G215733 GOHIR.A12G215800 GOHIR.A12G256600 GOHIR.A13G041800 GOHIR.A13G060300 GOHIR.A13G068300 GOHIR.A13G105100 GOHIR.A13G135500 GOHIR.A13G158200 GOHIR.A13G174820 GOHIR.A13G185400 GOHIR.A13G194100 GOHIR.A13G194200 GOHIR.A13G228600 GOHIR.D01G007400 GOHIR.D01G072300 GOHIR.D01G083000 GOHIR.D01G154600 GOHIR.D01G167600 GOHIR.D01G188500 GOHIR.D01G213700 GOHIR.D01G219200 GOHIR.D02G005000 GOHIR.D02G008600 GOHIR.D02G042300 GOHIR.D02G046200 GOHIR.D02G048000 GOHIR.D02G064300 GOHIR.D02G068300 GOHIR.D02G109800 GOHIR.D02G205300 GOHIR.D03G006000 GOHIR.D03G088900 GOHIR.D03G095000 GOHIR.D03G130100 GOHIR.D03G130600 GOHIR.D03G175300 GOHIR.D04G147600 GOHIR.D05G029700 GOHIR.D05G050400 GOHIR.D05G053200 GOHIR.D05G097700 GOHIR.D05G098200 GOHIR.D05G130400 GOHIR.D05G153700 GOHIR.D05G176000 GOHIR.D05G248400 GOHIR.D05G272800 GOHIR.D05G282200 GOHIR.D05G297700 GOHIR.D06G049900 GOHIR.D06G054400 GOHIR.D06G069200 GOHIR.D06G131700 GOHIR.D06G149300 GOHIR.D06G198700 GOHIR.D07G028600 GOHIR.D07G060500 GOHIR.D07G065600 GOHIR.D07G071100 GOHIR.D07G074400 GOHIR.D07G086950 GOHIR.D07G089900 GOHIR.D07G095600 GOHIR.D07G095700 GOHIR.D07G099800 GOHIR.D07G100300 GOHIR.D07G148400 GOHIR.D07G152200 GOHIR.D07G157700 GOHIR.D07G166000 GOHIR.D07G177000 GOHIR.D07G191000 GOHIR.D08G016200 GOHIR.D08G042100 GOHIR.D08G049700 GOHIR.D08G052000 GOHIR.D08G057400 GOHIR.D08G058500 GOHIR.D08G086700 GOHIR.D08G091100 GOHIR.D08G120900 GOHIR.D08G181900 GOHIR.D08G213500 GOHIR.D08G224600 GOHIR.D08G231200 GOHIR.D08G240100 GOHIR.D08G258100 GOHIR.D08G272600 GOHIR.D09G056100 GOHIR.D09G079100 GOHIR.D09G110400 GOHIR.D09G125300 GOHIR.D09G127000 GOHIR.D09G163000 GOHIR.D09G172700 GOHIR.D09G173800 GOHIR.D09G173900 GOHIR.D09G198600 GOHIR.D09G205900 GOHIR.D09G230000 GOHIR.D09G247300 GOHIR.D10G001900 GOHIR.D10G040600 GOHIR.D10G040700 GOHIR.D10G043500 GOHIR.D10G064000 GOHIR.D10G090166 GOHIR.D10G121600 GOHIR.D10G142400 GOHIR.D10G150500 GOHIR.D10G152300 GOHIR.D10G158900 GOHIR.D10G164900 GOHIR.D10G185100 GOHIR.D10G218600 GOHIR.D10G220900 GOHIR.D11G004600 GOHIR.D11G006900 GOHIR.D11G026300 GOHIR.D11G043200 GOHIR.D11G056600 GOHIR.D11G111600 GOHIR.D11G118000 GOHIR.D11G119500 GOHIR.D11G139200 GOHIR.D11G147700 GOHIR.D11G162100 GOHIR.D11G164000 GOHIR.D11G309600 GOHIR.D11G331200 GOHIR.D11G344300 GOHIR.D12G003600 GOHIR.D12G089400 GOHIR.D12G137100 GOHIR.D12G218400 GOHIR.D12G257900 GOHIR.D12G264600 GOHIR.D13G040500 GOHIR.D13G096200 GOHIR.D13G108300 GOHIR.D13G129600 GOHIR.D13G162900 GOHIR.D13G180650 GOHIR.D13G191000 GOHIR.D13G191900 GOHIR.D13G199900 GOHIR.D13G200000 GOHIR.D13G208300"
"3","Down regulated",1.6076559856533e-98,276,"Structural constituent of ribosome","GOHIR.A01G048100 GOHIR.A01G086000 GOHIR.A01G098400 GOHIR.A01G137669 GOHIR.A01G194700 GOHIR.A01G198300 GOHIR.A01G217100 GOHIR.A01G217800 GOHIR.A01G224400 GOHIR.A01G229300 GOHIR.A02G033801 GOHIR.A02G033802 GOHIR.A02G035600 GOHIR.A02G040100 GOHIR.A02G058500 GOHIR.A02G062700 GOHIR.A02G090700 GOHIR.A02G094600 GOHIR.A02G143100 GOHIR.A02G151900 GOHIR.A03G000043 GOHIR.A03G038300 GOHIR.A03G039000 GOHIR.A03G069400 GOHIR.A03G094200 GOHIR.A03G183800 GOHIR.A03G217200 GOHIR.A03G217800 GOHIR.A04G068900 GOHIR.A04G095042 GOHIR.A04G109416 GOHIR.A05G027900 GOHIR.A05G030500 GOHIR.A05G048500 GOHIR.A05G051700 GOHIR.A05G098100 GOHIR.A05G101100 GOHIR.A05G131100 GOHIR.A05G151300 GOHIR.A05G223400 GOHIR.A05G246900 GOHIR.A05G270800 GOHIR.A05G270850 GOHIR.A05G287800 GOHIR.A05G385900 GOHIR.A06G050800 GOHIR.A06G070600 GOHIR.A06G095100 GOHIR.A06G179500 GOHIR.A06G183700 GOHIR.A06G190300 GOHIR.A07G056300 GOHIR.A07G066600 GOHIR.A07G081300 GOHIR.A07G083800 GOHIR.A07G090900 GOHIR.A07G095500 GOHIR.A07G095900 GOHIR.A07G142500 GOHIR.A07G146100 GOHIR.A07G157700 GOHIR.A07G161400 GOHIR.A07G165000 GOHIR.A07G165100 GOHIR.A07G184200 GOHIR.A07G194900 GOHIR.A07G197300 GOHIR.A08G031000 GOHIR.A08G039601 GOHIR.A08G042200 GOHIR.A08G051000 GOHIR.A08G077100 GOHIR.A08G081800 GOHIR.A08G140200 GOHIR.A08G152100 GOHIR.A08G196400 GOHIR.A08G198100 GOHIR.A08G214200 GOHIR.A08G244400 GOHIR.A08G251100 GOHIR.A09G058700 GOHIR.A09G077600 GOHIR.A09G078600 GOHIR.A09G113800 GOHIR.A09G129100 GOHIR.A09G167100 GOHIR.A09G176900 GOHIR.A09G177100 GOHIR.A09G178200 GOHIR.A09G178300 GOHIR.A09G204900 GOHIR.A09G213602 GOHIR.A09G228900 GOHIR.A09G246500 GOHIR.A10G001800 GOHIR.A10G039800 GOHIR.A10G062300 GOHIR.A10G098000 GOHIR.A10G108900 GOHIR.A10G123400 GOHIR.A10G145400 GOHIR.A10G178500 GOHIR.A10G210300 GOHIR.A10G213000 GOHIR.A11G005300 GOHIR.A11G007800 GOHIR.A11G027100 GOHIR.A11G032800 GOHIR.A11G039900 GOHIR.A11G041600 GOHIR.A11G053100 GOHIR.A11G113800 GOHIR.A11G114400 GOHIR.A11G133100 GOHIR.A11G141400 GOHIR.A11G176400 GOHIR.A11G181200 GOHIR.A11G265700 GOHIR.A11G268600 GOHIR.A11G294900 GOHIR.A11G314000 GOHIR.A11G325300 GOHIR.A12G089000 GOHIR.A12G133600 GOHIR.A12G165200 GOHIR.A12G212200 GOHIR.A12G215733 GOHIR.A12G215800 GOHIR.A12G256600 GOHIR.A13G041800 GOHIR.A13G060300 GOHIR.A13G068300 GOHIR.A13G105100 GOHIR.A13G135500 GOHIR.A13G158200 GOHIR.A13G174820 GOHIR.A13G185400 GOHIR.A13G194100 GOHIR.A13G194200 GOHIR.A13G228600 GOHIR.D01G007400 GOHIR.D01G072300 GOHIR.D01G083000 GOHIR.D01G154600 GOHIR.D01G167600 GOHIR.D01G188500 GOHIR.D01G213700 GOHIR.D01G219200 GOHIR.D02G005000 GOHIR.D02G008600 GOHIR.D02G042300 GOHIR.D02G046200 GOHIR.D02G048000 GOHIR.D02G064300 GOHIR.D02G068300 GOHIR.D02G109800 GOHIR.D02G205300 GOHIR.D03G006000 GOHIR.D03G088900 GOHIR.D03G095000 GOHIR.D03G130100 GOHIR.D03G130600 GOHIR.D03G175300 GOHIR.D04G147600 GOHIR.D05G029700 GOHIR.D05G050400 GOHIR.D05G053200 GOHIR.D05G097700 GOHIR.D05G098200 GOHIR.D05G130400 GOHIR.D05G153700 GOHIR.D05G176000 GOHIR.D05G248400 GOHIR.D05G272800 GOHIR.D05G282200 GOHIR.D05G297700 GOHIR.D06G049900 GOHIR.D06G054400 GOHIR.D06G069200 GOHIR.D06G149300 GOHIR.D06G198700 GOHIR.D07G028600 GOHIR.D07G060500 GOHIR.D07G065600 GOHIR.D07G071100 GOHIR.D07G074400 GOHIR.D07G086950 GOHIR.D07G089900 GOHIR.D07G095600 GOHIR.D07G095700 GOHIR.D07G099800 GOHIR.D07G100300 GOHIR.D07G148400 GOHIR.D07G152200 GOHIR.D07G157700 GOHIR.D07G166000 GOHIR.D07G177000 GOHIR.D07G191000 GOHIR.D08G016200 GOHIR.D08G042100 GOHIR.D08G049700 GOHIR.D08G052000 GOHIR.D08G057400 GOHIR.D08G058500 GOHIR.D08G086700 GOHIR.D08G091100 GOHIR.D08G120900 GOHIR.D08G181900 GOHIR.D08G213500 GOHIR.D08G224600 GOHIR.D08G231200 GOHIR.D08G240100 GOHIR.D08G258100 GOHIR.D08G272600 GOHIR.D09G056100 GOHIR.D09G079100 GOHIR.D09G110400 GOHIR.D09G125300 GOHIR.D09G127000 GOHIR.D09G163000 GOHIR.D09G172700 GOHIR.D09G173800 GOHIR.D09G173900 GOHIR.D09G198600 GOHIR.D09G205900 GOHIR.D09G230000 GOHIR.D09G247300 GOHIR.D10G001900 GOHIR.D10G040600 GOHIR.D10G040700 GOHIR.D10G043500 GOHIR.D10G064000 GOHIR.D10G090166 GOHIR.D10G098400 GOHIR.D10G121600 GOHIR.D10G142400 GOHIR.D10G150500 GOHIR.D10G152300 GOHIR.D10G158900 GOHIR.D10G164900 GOHIR.D10G185100 GOHIR.D10G218600 GOHIR.D10G220900 GOHIR.D11G004600 GOHIR.D11G006900 GOHIR.D11G026300 GOHIR.D11G043200 GOHIR.D11G052100 GOHIR.D11G056600 GOHIR.D11G111600 GOHIR.D11G118000 GOHIR.D11G119500 GOHIR.D11G139200 GOHIR.D11G147700 GOHIR.D11G162100 GOHIR.D11G164000 GOHIR.D11G309600 GOHIR.D11G331200 GOHIR.D11G344300 GOHIR.D12G003600 GOHIR.D12G089400 GOHIR.D12G137100 GOHIR.D12G218400 GOHIR.D12G257900 GOHIR.D12G264600 GOHIR.D13G040500 GOHIR.D13G096200 GOHIR.D13G108300 GOHIR.D13G129600 GOHIR.D13G162900 GOHIR.D13G180650 GOHIR.D13G191000 GOHIR.D13G191900 GOHIR.D13G199900 GOHIR.D13G200000 GOHIR.D13G208300"
"4","Down regulated",2.81178183596048e-49,191,"Intracellular","GOHIR.1Z049324 GOHIR.A01G086000 GOHIR.A01G137669 GOHIR.A01G194700 GOHIR.A01G198300 GOHIR.A01G217100 GOHIR.A01G224400 GOHIR.A01G229300 GOHIR.A02G033801 GOHIR.A02G033802 GOHIR.A02G040100 GOHIR.A02G058500 GOHIR.A02G062700 GOHIR.A02G090700 GOHIR.A03G183800 GOHIR.A04G095042 GOHIR.A05G027900 GOHIR.A05G030500 GOHIR.A05G048500 GOHIR.A05G051700 GOHIR.A05G101100 GOHIR.A05G131100 GOHIR.A05G151300 GOHIR.A05G270800 GOHIR.A05G270850 GOHIR.A05G287800 GOHIR.A05G316000 GOHIR.A05G385900 GOHIR.A06G050800 GOHIR.A06G070600 GOHIR.A06G095100 GOHIR.A06G179500 GOHIR.A06G183700 GOHIR.A06G190300 GOHIR.A07G056300 GOHIR.A07G066600 GOHIR.A07G081300 GOHIR.A07G083800 GOHIR.A07G090900 GOHIR.A07G142500 GOHIR.A07G146100 GOHIR.A07G157700 GOHIR.A07G161400 GOHIR.A07G165000 GOHIR.A07G165100 GOHIR.A07G184200 GOHIR.A07G194900 GOHIR.A08G031000 GOHIR.A08G042200 GOHIR.A08G051000 GOHIR.A08G077100 GOHIR.A08G081800 GOHIR.A08G140200 GOHIR.A08G152100 GOHIR.A08G196400 GOHIR.A08G214200 GOHIR.A08G244400 GOHIR.A08G251100 GOHIR.A09G058700 GOHIR.A09G078600 GOHIR.A09G167100 GOHIR.A09G176900 GOHIR.A09G177100 GOHIR.A09G178300 GOHIR.A09G213602 GOHIR.A09G228900 GOHIR.A10G001800 GOHIR.A10G062300 GOHIR.A10G098000 GOHIR.A10G145400 GOHIR.A10G178500 GOHIR.A10G210300 GOHIR.A11G005300 GOHIR.A11G030431 GOHIR.A11G041600 GOHIR.A11G053100 GOHIR.A11G113800 GOHIR.A11G114400 GOHIR.A11G141400 GOHIR.A11G176400 GOHIR.A11G265700 GOHIR.A11G268600 GOHIR.A11G294900 GOHIR.A11G314000 GOHIR.A12G133600 GOHIR.A12G165200 GOHIR.A12G212200 GOHIR.A12G256600 GOHIR.A13G035800 GOHIR.A13G060300 GOHIR.A13G068300 GOHIR.A13G105100 GOHIR.A13G135500 GOHIR.A13G174820 GOHIR.A13G185400 GOHIR.A13G194100 GOHIR.A13G194200 GOHIR.D01G072300 GOHIR.D01G167600 GOHIR.D01G188500 GOHIR.D01G213700 GOHIR.D01G219200 GOHIR.D02G005000 GOHIR.D02G008600 GOHIR.D02G046200 GOHIR.D02G064300 GOHIR.D02G068300 GOHIR.D02G109800 GOHIR.D02G205300 GOHIR.D03G006000 GOHIR.D03G130600 GOHIR.D04G067000 GOHIR.D04G147600 GOHIR.D05G003500 GOHIR.D05G029700 GOHIR.D05G050400 GOHIR.D05G053200 GOHIR.D05G130400 GOHIR.D05G153700 GOHIR.D05G272800 GOHIR.D05G297700 GOHIR.D06G049900 GOHIR.D06G054400 GOHIR.D06G069200 GOHIR.D06G149300 GOHIR.D06G198700 GOHIR.D07G028600 GOHIR.D07G060500 GOHIR.D07G065600 GOHIR.D07G071100 GOHIR.D07G086950 GOHIR.D07G089900 GOHIR.D07G095600 GOHIR.D07G095700 GOHIR.D07G148400 GOHIR.D07G152200 GOHIR.D07G166000 GOHIR.D07G177000 GOHIR.D07G191000 GOHIR.D08G042100 GOHIR.D08G052000 GOHIR.D08G058500 GOHIR.D08G086700 GOHIR.D08G091100 GOHIR.D08G181900 GOHIR.D08G213500 GOHIR.D08G231200 GOHIR.D08G240100 GOHIR.D08G258100 GOHIR.D08G272600 GOHIR.D09G008200 GOHIR.D09G056100 GOHIR.D09G079100 GOHIR.D09G125300 GOHIR.D09G127000 GOHIR.D09G163000 GOHIR.D09G172700 GOHIR.D09G173900 GOHIR.D09G205900 GOHIR.D09G230000 GOHIR.D10G001900 GOHIR.D10G064000 GOHIR.D10G088600 GOHIR.D10G090166 GOHIR.D10G121600 GOHIR.D10G150500 GOHIR.D10G164900 GOHIR.D10G185100 GOHIR.D10G218600 GOHIR.D11G004600 GOHIR.D11G033700 GOHIR.D11G056600 GOHIR.D11G118000 GOHIR.D11G119500 GOHIR.D11G147700 GOHIR.D11G162100 GOHIR.D11G309600 GOHIR.D11G331200 GOHIR.D12G003600 GOHIR.D12G137100 GOHIR.D12G257900 GOHIR.D12G264600 GOHIR.D13G017100 GOHIR.D13G082900 GOHIR.D13G108300 GOHIR.D13G180650 GOHIR.D13G191000 GOHIR.D13G191900 GOHIR.D13G199900 GOHIR.D13G200000 GOHIR.D13G208300"
"5","Down regulated",1.61532841223195e-13,42,"Microtubule-based movement","GOHIR.A01G192600 GOHIR.A01G205200 GOHIR.A02G080300 GOHIR.A02G086900 GOHIR.A03G036500 GOHIR.A03G074500 GOHIR.A04G022500 GOHIR.A04G079500 GOHIR.A05G167600 GOHIR.A05G188300 GOHIR.A05G219500 GOHIR.A05G411200 GOHIR.A07G066700 GOHIR.A10G080500 GOHIR.A10G131200 GOHIR.A11G271000 GOHIR.A12G060650 GOHIR.A12G085600 GOHIR.A12G267100 GOHIR.A13G031200 GOHIR.A13G189100 GOHIR.D01G177200 GOHIR.D02G088200 GOHIR.D03G063300 GOHIR.D03G101000 GOHIR.D04G004800 GOHIR.D05G099400 GOHIR.D05G170600 GOHIR.D05G222000 GOHIR.D06G022400 GOHIR.D06G031500 GOHIR.D07G071300 GOHIR.D10G070800 GOHIR.D10G135500 GOHIR.D11G181800 GOHIR.D11G185200 GOHIR.D11G201800 GOHIR.D11G311300 GOHIR.D12G060800 GOHIR.D12G083700 GOHIR.D12G267600 GOHIR.D13G029200"
"6","Down regulated",2.68620350358805e-11,42,"Microtubule binding","GOHIR.A01G084700 GOHIR.A01G192600 GOHIR.A01G205200 GOHIR.A02G080300 GOHIR.A02G086900 GOHIR.A03G036500 GOHIR.A03G074500 GOHIR.A04G022500 GOHIR.A04G079500 GOHIR.A05G167600 GOHIR.A05G188300 GOHIR.A05G219500 GOHIR.A05G411200 GOHIR.A07G066700 GOHIR.A10G080500 GOHIR.A10G131200 GOHIR.A11G271000 GOHIR.A12G060650 GOHIR.A12G085600 GOHIR.A12G267100 GOHIR.A13G031200 GOHIR.A13G189100 GOHIR.D01G071100 GOHIR.D01G177200 GOHIR.D02G088200 GOHIR.D03G063300 GOHIR.D03G101000 GOHIR.D04G004800 GOHIR.D05G099400 GOHIR.D05G170600 GOHIR.D05G222000 GOHIR.D06G022400 GOHIR.D07G071300 GOHIR.D10G070800 GOHIR.D10G135500 GOHIR.D11G185200 GOHIR.D11G201800 GOHIR.D11G311300 GOHIR.D12G060800 GOHIR.D12G083700 GOHIR.D12G267600 GOHIR.D13G029200"
"7","Down regulated",3.79334208279679e-09,72,"Hydrolase activity-hydrolyzing O-glycosyl compounds","GOHIR.A01G139300 GOHIR.A01G148900 GOHIR.A01G149800 GOHIR.A01G158400 GOHIR.A01G186301 GOHIR.A02G098500 GOHIR.A02G101600 GOHIR.A02G107101 GOHIR.A02G171700 GOHIR.A03G118400 GOHIR.A03G171800 GOHIR.A05G074300 GOHIR.A05G076800 GOHIR.A05G189600 GOHIR.A05G285700 GOHIR.A05G408000 GOHIR.A06G006800 GOHIR.A06G117500 GOHIR.A06G145900 GOHIR.A07G076550 GOHIR.A07G187300 GOHIR.A08G052500 GOHIR.A08G243500 GOHIR.A09G051600 GOHIR.A10G014900 GOHIR.A11G018000 GOHIR.A11G049200 GOHIR.A11G059500 GOHIR.A11G113300 GOHIR.A11G153300 GOHIR.A11G182750 GOHIR.A11G304200 GOHIR.A11G320100 GOHIR.A13G234300 GOHIR.D01G141416 GOHIR.D01G142500 GOHIR.D01G152300 GOHIR.D02G142800 GOHIR.D02G186000 GOHIR.D02G195100 GOHIR.D02G218600 GOHIR.D03G008400 GOHIR.D03G011600 GOHIR.D03G072000 GOHIR.D03G082700 GOHIR.D03G115700 GOHIR.D04G007500 GOHIR.D04G110000 GOHIR.D05G028000 GOHIR.D05G174100 GOHIR.D05G190100 GOHIR.D05G252000 GOHIR.D06G002480 GOHIR.D06G006400 GOHIR.D06G111100 GOHIR.D06G151900 GOHIR.D07G081200 GOHIR.D07G114000 GOHIR.D07G193800 GOHIR.D08G062100 GOHIR.D08G264400 GOHIR.D09G141500 GOHIR.D10G014900 GOHIR.D11G017800 GOHIR.D11G063600 GOHIR.D11G118400 GOHIR.D11G160000 GOHIR.D11G319600 GOHIR.D11G339200 GOHIR.D12G170900 GOHIR.D13G066400 GOHIR.D13G149600"
"8","Down regulated",4.52602385332945e-07,86,"Carbohydrate metabolic process","GOHIR.A01G139300 GOHIR.A01G148900 GOHIR.A01G149800 GOHIR.A01G158400 GOHIR.A01G186301 GOHIR.A02G065400 GOHIR.A02G098500 GOHIR.A02G101600 GOHIR.A02G107101 GOHIR.A02G171700 GOHIR.A03G118400 GOHIR.A03G171800 GOHIR.A05G074300 GOHIR.A05G076800 GOHIR.A05G189600 GOHIR.A05G285700 GOHIR.A05G408000 GOHIR.A06G006800 GOHIR.A06G117500 GOHIR.A06G145900 GOHIR.A07G059500 GOHIR.A07G076550 GOHIR.A07G187300 GOHIR.A08G052500 GOHIR.A08G243500 GOHIR.A09G051600 GOHIR.A09G241700 GOHIR.A10G014900 GOHIR.A11G018000 GOHIR.A11G049200 GOHIR.A11G059500 GOHIR.A11G113300 GOHIR.A11G153300 GOHIR.A11G182750 GOHIR.A11G304200 GOHIR.A11G320100 GOHIR.A13G031100 GOHIR.A13G225200 GOHIR.A13G234300 GOHIR.D01G141416 GOHIR.D01G142500 GOHIR.D01G152300 GOHIR.D02G062100 GOHIR.D02G142800 GOHIR.D02G186000 GOHIR.D02G195100 GOHIR.D02G218600 GOHIR.D03G008400 GOHIR.D03G011600 GOHIR.D03G072000 GOHIR.D03G082700 GOHIR.D03G115700 GOHIR.D04G007500 GOHIR.D04G012900 GOHIR.D04G110000 GOHIR.D04G127100 GOHIR.D04G179000 GOHIR.D05G028000 GOHIR.D05G174100 GOHIR.D05G190100 GOHIR.D05G252000 GOHIR.D06G002480 GOHIR.D06G006400 GOHIR.D06G111100 GOHIR.D06G151900 GOHIR.D07G081200 GOHIR.D07G114000 GOHIR.D07G193800 GOHIR.D08G062100 GOHIR.D08G264400 GOHIR.D09G009800 GOHIR.D09G081200 GOHIR.D09G141500 GOHIR.D09G242400 GOHIR.D10G014900 GOHIR.D11G017800 GOHIR.D11G063600 GOHIR.D11G077200 GOHIR.D11G118400 GOHIR.D11G160000 GOHIR.D11G319600 GOHIR.D11G339200 GOHIR.D12G170900 GOHIR.D12G263700 GOHIR.D13G066400 GOHIR.D13G149600"
"9","Down regulated",1.08349714886178e-06,13,"Developmental process","GOHIR.A02G080200 GOHIR.A02G149700 GOHIR.A05G033300 GOHIR.A05G212300 GOHIR.A05G263400 GOHIR.A09G137600 GOHIR.A12G223200 GOHIR.A12G246800 GOHIR.D03G030700 GOHIR.D05G034800 GOHIR.D05G215500 GOHIR.D09G137000 GOHIR.D10G098800"
"10","Down regulated",1.30982461409484e-06,9,"5S rRNA binding","GOHIR.A03G000043 GOHIR.A07G161400 GOHIR.A07G194900 GOHIR.A10G145400 GOHIR.D02G008600 GOHIR.D03G175300 GOHIR.D08G058500 GOHIR.D10G121600 GOHIR.D12G089400"
"11","Down regulated",4.05727141666464e-06,59,"RNA binding","GOHIR.A01G191800 GOHIR.A01G229300 GOHIR.A02G062700 GOHIR.A02G090700 GOHIR.A04G095042 GOHIR.A05G039200 GOHIR.A05G168600 GOHIR.A05G287700 GOHIR.A05G355000 GOHIR.A06G036300 GOHIR.A06G073100 GOHIR.A06G168500 GOHIR.A07G023700 GOHIR.A07G051700 GOHIR.A08G098400 GOHIR.A09G028200 GOHIR.A09G042300 GOHIR.A09G113800 GOHIR.A09G167100 GOHIR.A09G211500 GOHIR.A09G213602 GOHIR.A11G011500 GOHIR.A11G030431 GOHIR.A11G032800 GOHIR.A11G047000 GOHIR.A11G128100 GOHIR.A11G144400 GOHIR.A13G066900 GOHIR.A13G130156 GOHIR.A13G158200 GOHIR.D01G037300 GOHIR.D01G178200 GOHIR.D01G219200 GOHIR.D02G068300 GOHIR.D02G109800 GOHIR.D03G095000 GOHIR.D03G113500 GOHIR.D04G058200 GOHIR.D05G003500 GOHIR.D05G049600 GOHIR.D06G037100 GOHIR.D07G056200 GOHIR.D07G074400 GOHIR.D08G110000 GOHIR.D09G027600 GOHIR.D09G043254 GOHIR.D09G062400 GOHIR.D09G110400 GOHIR.D09G115800 GOHIR.D09G163000 GOHIR.D09G205000 GOHIR.D10G088600 GOHIR.D10G211400 GOHIR.D11G010700 GOHIR.D11G033700 GOHIR.D11G050500 GOHIR.D11G134000 GOHIR.D12G167900 GOHIR.D13G162900"
"12","Down regulated",5.0827718085309e-05,18,"DNA replication","GOHIR.A01G168100 GOHIR.A05G003900 GOHIR.A05G082500 GOHIR.A07G040800 GOHIR.A10G039500 GOHIR.A12G016000 GOHIR.A13G035800 GOHIR.A13G074000 GOHIR.D01G159100 GOHIR.D02G106100 GOHIR.D05G004300 GOHIR.D05G085400 GOHIR.D05G312350 GOHIR.D07G045000 GOHIR.D10G229000 GOHIR.D11G338500 GOHIR.D13G029400 GOHIR.D13G074100"
"13","Down regulated",5.69565177184056e-05,263,"ATP binding","GOHIR.A01G040200 GOHIR.A01G052200 GOHIR.A01G093900 GOHIR.A01G192600 GOHIR.A01G195250 GOHIR.A01G205200 GOHIR.A02G045700 GOHIR.A02G068000 GOHIR.A02G080200 GOHIR.A02G080300 GOHIR.A02G086900 GOHIR.A02G105903 GOHIR.A02G123900 GOHIR.A02G149700 GOHIR.A02G169400 GOHIR.A03G000048 GOHIR.A03G016700 GOHIR.A03G022900 GOHIR.A03G036500 GOHIR.A03G074500 GOHIR.A03G074600 GOHIR.A03G123638 GOHIR.A03G145500 GOHIR.A03G148300 GOHIR.A04G004000 GOHIR.A04G022500 GOHIR.A04G052400 GOHIR.A04G065000 GOHIR.A04G079500 GOHIR.A04G138400 GOHIR.A05G018300 GOHIR.A05G033300 GOHIR.A05G105750 GOHIR.A05G114600 GOHIR.A05G135300 GOHIR.A05G146500 GOHIR.A05G167600 GOHIR.A05G178300 GOHIR.A05G188300 GOHIR.A05G212300 GOHIR.A05G219500 GOHIR.A05G263400 GOHIR.A05G271300 GOHIR.A05G297200 GOHIR.A05G380200 GOHIR.A05G383300 GOHIR.A05G387300 GOHIR.A05G411200 GOHIR.A06G006000 GOHIR.A06G095300 GOHIR.A07G052300 GOHIR.A07G065600 GOHIR.A07G066700 GOHIR.A07G076600 GOHIR.A07G152500 GOHIR.A07G154950 GOHIR.A07G176400 GOHIR.A07G204000 GOHIR.A07G213820 GOHIR.A07G214800 GOHIR.A08G025500 GOHIR.A08G165500 GOHIR.A08G175200 GOHIR.A08G221800 GOHIR.A08G239000 GOHIR.A09G000300 GOHIR.A09G019000 GOHIR.A09G044300 GOHIR.A09G046500 GOHIR.A09G055300 GOHIR.A09G137600 GOHIR.A09G145900 GOHIR.A09G183800 GOHIR.A09G201800 GOHIR.A09G201900 GOHIR.A09G209700 GOHIR.A09G225200 GOHIR.A09G242100 GOHIR.A10G011100 GOHIR.A10G039500 GOHIR.A10G057600 GOHIR.A10G061375 GOHIR.A10G061400 GOHIR.A10G080500 GOHIR.A10G121200 GOHIR.A10G131200 GOHIR.A10G142700 GOHIR.A10G155200 GOHIR.A10G192400 GOHIR.A11G029081 GOHIR.A11G062700 GOHIR.A11G096600 GOHIR.A11G115900 GOHIR.A11G131700 GOHIR.A11G135200 GOHIR.A11G169100 GOHIR.A11G183600 GOHIR.A11G195900 GOHIR.A11G203800 GOHIR.A11G224800 GOHIR.A11G245200 GOHIR.A11G263400 GOHIR.A11G271000 GOHIR.A11G272400 GOHIR.A11G273200 GOHIR.A11G296300 GOHIR.A11G323900 GOHIR.A12G001300 GOHIR.A12G016000 GOHIR.A12G022300 GOHIR.A12G046200 GOHIR.A12G060650 GOHIR.A12G065100 GOHIR.A12G085600 GOHIR.A12G092300 GOHIR.A12G121100 GOHIR.A12G144400 GOHIR.A12G155300 GOHIR.A12G223200 GOHIR.A12G226500 GOHIR.A12G229900 GOHIR.A12G233900 GOHIR.A12G246800 GOHIR.A12G264300 GOHIR.A12G267100 GOHIR.A13G020600 GOHIR.A13G031200 GOHIR.A13G035800 GOHIR.A13G039700 GOHIR.A13G189100 GOHIR.D01G037300 GOHIR.D01G097100 GOHIR.D01G154200 GOHIR.D01G177200 GOHIR.D02G002900 GOHIR.D02G088200 GOHIR.D02G106100 GOHIR.D02G114600 GOHIR.D02G132200 GOHIR.D02G165900 GOHIR.D02G171400 GOHIR.D03G030700 GOHIR.D03G047100 GOHIR.D03G063300 GOHIR.D03G073100 GOHIR.D03G101000 GOHIR.D03G151200 GOHIR.D04G004800 GOHIR.D04G017700 GOHIR.D04G032000 GOHIR.D04G035400 GOHIR.D04G051600 GOHIR.D04G077900 GOHIR.D04G087200 GOHIR.D04G102400 GOHIR.D04G181300 GOHIR.D05G019200 GOHIR.D05G034800 GOHIR.D05G082300 GOHIR.D05G099400 GOHIR.D05G105800 GOHIR.D05G137300 GOHIR.D05G170600 GOHIR.D05G181650 GOHIR.D05G181700 GOHIR.D05G208200 GOHIR.D05G215500 GOHIR.D05G222000 GOHIR.D05G256700 GOHIR.D05G259200 GOHIR.D05G273500 GOHIR.D05G386000 GOHIR.D06G005800 GOHIR.D06G005900 GOHIR.D06G022400 GOHIR.D06G178300 GOHIR.D06G190100 GOHIR.D06G216600 GOHIR.D07G013400 GOHIR.D07G056400 GOHIR.D07G056800 GOHIR.D07G070100 GOHIR.D07G071300 GOHIR.D07G081400 GOHIR.D07G158700 GOHIR.D07G161200 GOHIR.D07G183500 GOHIR.D07G196900 GOHIR.D07G210000 GOHIR.D07G221400 GOHIR.D07G221700 GOHIR.D08G013100 GOHIR.D08G094400 GOHIR.D08G184200 GOHIR.D08G193800 GOHIR.D08G242400 GOHIR.D08G251000 GOHIR.D08G259700 GOHIR.D09G017900 GOHIR.D09G018400 GOHIR.D09G054200 GOHIR.D09G081200 GOHIR.D09G098200 GOHIR.D09G109300 GOHIR.D09G119700 GOHIR.D09G137000 GOHIR.D09G141700 GOHIR.D09G195800 GOHIR.D09G202400 GOHIR.D09G203100 GOHIR.D09G226900 GOHIR.D10G004500 GOHIR.D10G010700 GOHIR.D10G070700 GOHIR.D10G070800 GOHIR.D10G073300 GOHIR.D10G076600 GOHIR.D10G098800 GOHIR.D10G106900 GOHIR.D10G110600 GOHIR.D10G135500 GOHIR.D10G183500 GOHIR.D10G185600 GOHIR.D10G200300 GOHIR.D11G013800 GOHIR.D11G101300 GOHIR.D11G141400 GOHIR.D11G163000 GOHIR.D11G175300 GOHIR.D11G185200 GOHIR.D11G190100 GOHIR.D11G201800 GOHIR.D11G255100 GOHIR.D11G269000 GOHIR.D11G273700 GOHIR.D11G282600 GOHIR.D11G310600 GOHIR.D11G311300 GOHIR.D12G001100 GOHIR.D12G022700 GOHIR.D12G037300 GOHIR.D12G045300 GOHIR.D12G060800 GOHIR.D12G083700 GOHIR.D12G124900 GOHIR.D12G135300 GOHIR.D12G150900 GOHIR.D12G158400 GOHIR.D12G207000 GOHIR.D12G228900 GOHIR.D12G264500 GOHIR.D12G267600 GOHIR.D13G029200 GOHIR.D13G029400 GOHIR.D13G038400 GOHIR.D13G099600 GOHIR.D13G118700 GOHIR.D13G124700 GOHIR.D13G133900 GOHIR.D13G150700 GOHIR.D13G173600 GOHIR.D13G176000 GOHIR.D13G226000"
"14","Down regulated",0.000136736241387745,4,"Box H/ACA snoRNP complex","GOHIR.A08G213200 GOHIR.A11G296500 GOHIR.D08G230300 GOHIR.D11G310400"
"15","Down regulated",0.000221050240611236,13,"Large ribosomal subunit","GOHIR.A02G151900 GOHIR.A03G094200 GOHIR.A04G109416 GOHIR.A09G204900 GOHIR.A09G246500 GOHIR.A10G123400 GOHIR.D01G154600 GOHIR.D08G057400 GOHIR.D09G198600 GOHIR.D09G247300 GOHIR.D10G098400 GOHIR.D10G142400 GOHIR.D11G052100"
"16","Up regulated",3.23538264561072e-53,408,"Regulation of transcription-DNA-templated","GOHIR.1Z049419 GOHIR.1Z049571 GOHIR.A01G001700 GOHIR.A01G016300 GOHIR.A01G039600 GOHIR.A01G066700 GOHIR.A01G083800 GOHIR.A01G122400 GOHIR.A01G126000 GOHIR.A01G194600 GOHIR.A01G200600 GOHIR.A01G201000 GOHIR.A01G204800 GOHIR.A02G003000 GOHIR.A02G010400 GOHIR.A02G072400 GOHIR.A02G075300 GOHIR.A02G105200 GOHIR.A02G137000 GOHIR.A02G148600 GOHIR.A02G155600 GOHIR.A02G158000 GOHIR.A02G169700 GOHIR.A03G005900 GOHIR.A03G025100 GOHIR.A03G060000 GOHIR.A03G065900 GOHIR.A03G102000 GOHIR.A03G103600 GOHIR.A03G107700 GOHIR.A03G124300 GOHIR.A03G146100 GOHIR.A03G171400 GOHIR.A03G208600 GOHIR.A04G035500 GOHIR.A04G057100 GOHIR.A04G096000 GOHIR.A05G034900 GOHIR.A05G045400 GOHIR.A05G057000 GOHIR.A05G059100 GOHIR.A05G063500 GOHIR.A05G100400 GOHIR.A05G117200 GOHIR.A05G119500 GOHIR.A05G137400 GOHIR.A05G150600 GOHIR.A05G154900 GOHIR.A05G157600 GOHIR.A05G158500 GOHIR.A05G160600 GOHIR.A05G172000 GOHIR.A05G204500 GOHIR.A05G227900 GOHIR.A05G233800 GOHIR.A05G247400 GOHIR.A05G262000 GOHIR.A05G277500 GOHIR.A05G296800 GOHIR.A05G309500 GOHIR.A05G335500 GOHIR.A05G363500 GOHIR.A05G376800 GOHIR.A05G379600 GOHIR.A05G382000 GOHIR.A05G404200 GOHIR.A06G030400 GOHIR.A06G032600 GOHIR.A06G033400 GOHIR.A06G037400 GOHIR.A06G039900 GOHIR.A06G046000 GOHIR.A06G049900 GOHIR.A06G075000 GOHIR.A06G078800 GOHIR.A06G080833 GOHIR.A06G085300 GOHIR.A06G101400 GOHIR.A06G107100 GOHIR.A06G111100 GOHIR.A06G129800 GOHIR.A06G182900 GOHIR.A06G189800 GOHIR.A07G013700 GOHIR.A07G016200 GOHIR.A07G021000 GOHIR.A07G030300 GOHIR.A07G030900 GOHIR.A07G032533 GOHIR.A07G043600 GOHIR.A07G067100 GOHIR.A07G080000 GOHIR.A07G084354 GOHIR.A07G096900 GOHIR.A07G110200 GOHIR.A07G110800 GOHIR.A07G128500 GOHIR.A07G131500 GOHIR.A07G133500 GOHIR.A07G135300 GOHIR.A07G136300 GOHIR.A07G138800 GOHIR.A07G139800 GOHIR.A07G185200 GOHIR.A07G198900 GOHIR.A07G230000 GOHIR.A07G231300 GOHIR.A08G000200 GOHIR.A08G008200 GOHIR.A08G054200 GOHIR.A08G057600 GOHIR.A08G058600 GOHIR.A08G062000 GOHIR.A08G100100 GOHIR.A08G106000 GOHIR.A08G110900 GOHIR.A08G132900 GOHIR.A08G166800 GOHIR.A08G166900 GOHIR.A08G167000 GOHIR.A08G189900 GOHIR.A09G013000 GOHIR.A09G022500 GOHIR.A09G039300 GOHIR.A09G065900 GOHIR.A09G072400 GOHIR.A09G073300 GOHIR.A09G096500 GOHIR.A09G122600 GOHIR.A09G135700 GOHIR.A09G171600 GOHIR.A09G179800 GOHIR.A09G186966 GOHIR.A09G188900 GOHIR.A09G191000 GOHIR.A09G206700 GOHIR.A09G240900 GOHIR.A10G012000 GOHIR.A10G027500 GOHIR.A10G037400 GOHIR.A10G038400 GOHIR.A10G084100 GOHIR.A10G093500 GOHIR.A10G173800 GOHIR.A10G202300 GOHIR.A11G010000 GOHIR.A11G014000 GOHIR.A11G016900 GOHIR.A11G024900 GOHIR.A11G038500 GOHIR.A11G038700 GOHIR.A11G039400 GOHIR.A11G041400 GOHIR.A11G042700 GOHIR.A11G046500 GOHIR.A11G048900 GOHIR.A11G075800 GOHIR.A11G094500 GOHIR.A11G096100 GOHIR.A11G100500 GOHIR.A11G102300 GOHIR.A11G102400 GOHIR.A11G104800 GOHIR.A11G109200 GOHIR.A11G150100 GOHIR.A11G186100 GOHIR.A11G187300 GOHIR.A11G196100 GOHIR.A11G197200 GOHIR.A11G240500 GOHIR.A11G240600 GOHIR.A11G315666 GOHIR.A12G013900 GOHIR.A12G017200 GOHIR.A12G024200 GOHIR.A12G035000 GOHIR.A12G066900 GOHIR.A12G071200 GOHIR.A12G080500 GOHIR.A12G081000 GOHIR.A12G092700 GOHIR.A12G096650 GOHIR.A12G113500 GOHIR.A12G119500 GOHIR.A12G162100 GOHIR.A12G187200 GOHIR.A12G209500 GOHIR.A12G214300 GOHIR.A12G214500 GOHIR.A12G234500 GOHIR.A12G235400 GOHIR.A12G241200 GOHIR.A12G260900 GOHIR.A13G004300 GOHIR.A13G027500 GOHIR.A13G030900 GOHIR.A13G032800 GOHIR.A13G053300 GOHIR.A13G055300 GOHIR.A13G072133 GOHIR.A13G080700 GOHIR.A13G093000 GOHIR.A13G101800 GOHIR.A13G121600 GOHIR.A13G146800 GOHIR.A13G163100 GOHIR.A13G180600 GOHIR.A13G192100 GOHIR.D01G001300 GOHIR.D01G016300 GOHIR.D01G027400 GOHIR.D01G100400 GOHIR.D01G145000 GOHIR.D01G190600 GOHIR.D01G194200 GOHIR.D02G003400 GOHIR.D02G010900 GOHIR.D02G044700 GOHIR.D02G069000 GOHIR.D02G079500 GOHIR.D02G082400 GOHIR.D02G087600 GOHIR.D02G130400 GOHIR.D02G132700 GOHIR.D02G146700 GOHIR.D02G173700 GOHIR.D02G178500 GOHIR.D02G194600 GOHIR.D02G220000 GOHIR.D03G017900 GOHIR.D03G022800 GOHIR.D03G028000 GOHIR.D03G030500 GOHIR.D03G031800 GOHIR.D03G046600 GOHIR.D03G047700 GOHIR.D03G085800 GOHIR.D03G092432 GOHIR.D03G143400 GOHIR.D03G148500 GOHIR.D03G154500 GOHIR.D03G165400 GOHIR.D03G166600 GOHIR.D04G011700 GOHIR.D04G031800 GOHIR.D04G033250 GOHIR.D04G035800 GOHIR.D04G051100 GOHIR.D04G074400 GOHIR.D04G089800 GOHIR.D04G114700 GOHIR.D04G135800 GOHIR.D05G047100 GOHIR.D05G059100 GOHIR.D05G061200 GOHIR.D05G066100 GOHIR.D05G084300 GOHIR.D05G118100 GOHIR.D05G120500 GOHIR.D05G135800 GOHIR.D05G143400 GOHIR.D05G153100 GOHIR.D05G157900 GOHIR.D05G175100 GOHIR.D05G194300 GOHIR.D05G216400 GOHIR.D05G236200 GOHIR.D05G264300 GOHIR.D05G279100 GOHIR.D05G296700 GOHIR.D05G347900 GOHIR.D06G009200 GOHIR.D06G029700 GOHIR.D06G038900 GOHIR.D06G040900 GOHIR.D06G049200 GOHIR.D06G064500 GOHIR.D06G071000 GOHIR.D06G073800 GOHIR.D06G084600 GOHIR.D06G103300 GOHIR.D06G109300 GOHIR.D06G115000 GOHIR.D06G137100 GOHIR.D06G146900 GOHIR.D06G189700 GOHIR.D06G206400 GOHIR.D07G012000 GOHIR.D07G016000 GOHIR.D07G020700 GOHIR.D07G031800 GOHIR.D07G034100 GOHIR.D07G035800 GOHIR.D07G048000 GOHIR.D07G058900 GOHIR.D07G071700 GOHIR.D07G085800 GOHIR.D07G088100 GOHIR.D07G101401 GOHIR.D07G114500 GOHIR.D07G135800 GOHIR.D07G140200 GOHIR.D07G141500 GOHIR.D07G143900 GOHIR.D07G155900 GOHIR.D07G191900 GOHIR.D07G205400 GOHIR.D07G218500 GOHIR.D07G237200 GOHIR.D07G238500 GOHIR.D08G011200 GOHIR.D08G018200 GOHIR.D08G067700 GOHIR.D08G071000 GOHIR.D08G117200 GOHIR.D08G121200 GOHIR.D08G131700 GOHIR.D08G136100 GOHIR.D08G139100 GOHIR.D08G154200 GOHIR.D08G178500 GOHIR.D08G185700 GOHIR.D08G185800 GOHIR.D08G208400 GOHIR.D08G212900 GOHIR.D08G253500 GOHIR.D09G021700 GOHIR.D09G049100 GOHIR.D09G065100 GOHIR.D09G072100 GOHIR.D09G096300 GOHIR.D09G137600 GOHIR.D09G167100 GOHIR.D09G181800 GOHIR.D09G185500 GOHIR.D09G191300 GOHIR.D09G200300 GOHIR.D09G228200 GOHIR.D09G241700 GOHIR.D10G011400 GOHIR.D10G026100 GOHIR.D10G027900 GOHIR.D10G038200 GOHIR.D10G039400 GOHIR.D10G063600 GOHIR.D10G094600 GOHIR.D10G104700 GOHIR.D10G180300 GOHIR.D11G008500 GOHIR.D11G008600 GOHIR.D11G009300 GOHIR.D11G014200 GOHIR.D11G016700 GOHIR.D11G024500 GOHIR.D11G041800 GOHIR.D11G042700 GOHIR.D11G042800 GOHIR.D11G044700 GOHIR.D11G046260 GOHIR.D11G049900 GOHIR.D11G052700 GOHIR.D11G053400 GOHIR.D11G100800 GOHIR.D11G104100 GOHIR.D11G106866 GOHIR.D11G106932 GOHIR.D11G113700 GOHIR.D11G136200 GOHIR.D11G139700 GOHIR.D11G179900 GOHIR.D11G192700 GOHIR.D11G212100 GOHIR.D11G223000 GOHIR.D11G245200 GOHIR.D11G249900 GOHIR.D11G250100 GOHIR.D11G260200 GOHIR.D11G262100 GOHIR.D11G332800 GOHIR.D12G014600 GOHIR.D12G037700 GOHIR.D12G067400 GOHIR.D12G069000 GOHIR.D12G070900 GOHIR.D12G077900 GOHIR.D12G099600 GOHIR.D12G099700 GOHIR.D12G116500 GOHIR.D12G117000 GOHIR.D12G196100 GOHIR.D12G212200 GOHIR.D12G216900 GOHIR.D12G217000 GOHIR.D12G227600 GOHIR.D12G236600 GOHIR.D12G261800 GOHIR.D13G028900 GOHIR.D13G030866 GOHIR.D13G038900 GOHIR.D13G049800 GOHIR.D13G066800 GOHIR.D13G069800 GOHIR.D13G079000 GOHIR.D13G080500 GOHIR.D13G105300 GOHIR.D13G149400 GOHIR.D13G188500 GOHIR.D13G197500"
"17","Up regulated",3.12963396893419e-52,279,"Transcription factor activity-sequence-specific DNA binding","GOHIR.A01G016300 GOHIR.A01G083800 GOHIR.A01G122400 GOHIR.A01G126000 GOHIR.A01G194600 GOHIR.A01G200600 GOHIR.A01G226800 GOHIR.A02G003000 GOHIR.A02G075300 GOHIR.A02G105200 GOHIR.A02G137000 GOHIR.A02G148600 GOHIR.A02G155600 GOHIR.A02G158000 GOHIR.A03G005900 GOHIR.A03G025100 GOHIR.A03G060000 GOHIR.A03G103600 GOHIR.A03G107700 GOHIR.A03G124300 GOHIR.A03G146100 GOHIR.A04G035500 GOHIR.A04G057100 GOHIR.A04G091800 GOHIR.A04G096000 GOHIR.A05G034900 GOHIR.A05G059100 GOHIR.A05G063500 GOHIR.A05G100400 GOHIR.A05G117200 GOHIR.A05G119500 GOHIR.A05G137400 GOHIR.A05G150600 GOHIR.A05G157600 GOHIR.A05G172000 GOHIR.A05G204500 GOHIR.A05G227900 GOHIR.A05G233800 GOHIR.A05G262000 GOHIR.A05G277500 GOHIR.A05G296800 GOHIR.A05G309500 GOHIR.A05G363500 GOHIR.A05G376800 GOHIR.A05G379600 GOHIR.A05G404200 GOHIR.A06G030400 GOHIR.A06G032600 GOHIR.A06G033400 GOHIR.A06G037400 GOHIR.A06G039900 GOHIR.A06G075000 GOHIR.A06G078800 GOHIR.A06G080833 GOHIR.A06G085300 GOHIR.A06G101400 GOHIR.A06G111100 GOHIR.A06G129800 GOHIR.A06G182900 GOHIR.A07G013700 GOHIR.A07G016200 GOHIR.A07G021000 GOHIR.A07G030900 GOHIR.A07G032533 GOHIR.A07G043600 GOHIR.A07G067100 GOHIR.A07G084354 GOHIR.A07G110200 GOHIR.A07G128500 GOHIR.A07G131500 GOHIR.A07G135300 GOHIR.A07G138800 GOHIR.A07G139800 GOHIR.A07G185200 GOHIR.A07G230000 GOHIR.A08G054200 GOHIR.A08G057600 GOHIR.A08G058600 GOHIR.A08G100100 GOHIR.A08G110900 GOHIR.A08G132900 GOHIR.A08G166800 GOHIR.A08G166900 GOHIR.A08G167000 GOHIR.A08G189900 GOHIR.A09G013000 GOHIR.A09G022500 GOHIR.A09G039300 GOHIR.A09G065900 GOHIR.A09G072400 GOHIR.A09G073300 GOHIR.A09G135700 GOHIR.A09G165700 GOHIR.A09G179800 GOHIR.A09G191000 GOHIR.A09G206700 GOHIR.A09G240900 GOHIR.A10G012000 GOHIR.A10G027500 GOHIR.A10G038400 GOHIR.A10G084100 GOHIR.A10G173800 GOHIR.A10G202300 GOHIR.A11G010000 GOHIR.A11G014000 GOHIR.A11G024900 GOHIR.A11G038700 GOHIR.A11G039400 GOHIR.A11G042700 GOHIR.A11G046500 GOHIR.A11G048900 GOHIR.A11G075800 GOHIR.A11G094500 GOHIR.A11G096100 GOHIR.A11G104800 GOHIR.A11G109200 GOHIR.A11G150100 GOHIR.A11G186100 GOHIR.A11G196100 GOHIR.A11G197200 GOHIR.A11G315666 GOHIR.A12G017200 GOHIR.A12G024200 GOHIR.A12G071200 GOHIR.A12G080500 GOHIR.A12G081000 GOHIR.A12G092700 GOHIR.A12G096650 GOHIR.A12G119500 GOHIR.A12G162100 GOHIR.A12G214300 GOHIR.A12G214500 GOHIR.A12G235400 GOHIR.A12G260900 GOHIR.A13G004300 GOHIR.A13G027500 GOHIR.A13G030900 GOHIR.A13G032800 GOHIR.A13G053300 GOHIR.A13G055300 GOHIR.A13G072133 GOHIR.A13G080700 GOHIR.A13G093000 GOHIR.A13G146800 GOHIR.A13G192100 GOHIR.D01G016300 GOHIR.D01G100400 GOHIR.D01G145000 GOHIR.D01G190600 GOHIR.D02G003400 GOHIR.D02G044700 GOHIR.D02G069000 GOHIR.D02G082400 GOHIR.D02G087600 GOHIR.D02G130400 GOHIR.D02G132700 GOHIR.D02G146700 GOHIR.D02G178500 GOHIR.D02G220000 GOHIR.D03G022800 GOHIR.D03G030500 GOHIR.D03G031800 GOHIR.D03G046600 GOHIR.D03G047700 GOHIR.D03G143400 GOHIR.D03G154500 GOHIR.D03G165400 GOHIR.D03G166600 GOHIR.D04G011700 GOHIR.D04G035800 GOHIR.D04G051100 GOHIR.D04G089800 GOHIR.D04G131000 GOHIR.D04G135800 GOHIR.D05G061200 GOHIR.D05G066100 GOHIR.D05G084300 GOHIR.D05G118100 GOHIR.D05G120500 GOHIR.D05G143400 GOHIR.D05G153100 GOHIR.D05G175100 GOHIR.D05G194300 GOHIR.D05G216400 GOHIR.D05G236200 GOHIR.D05G264300 GOHIR.D05G279100 GOHIR.D05G296700 GOHIR.D05G347900 GOHIR.D06G029700 GOHIR.D06G038900 GOHIR.D06G040900 GOHIR.D06G064500 GOHIR.D06G071000 GOHIR.D06G073800 GOHIR.D06G084600 GOHIR.D06G103300 GOHIR.D06G115000 GOHIR.D06G189700 GOHIR.D06G206400 GOHIR.D07G012000 GOHIR.D07G016000 GOHIR.D07G020700 GOHIR.D07G031800 GOHIR.D07G035800 GOHIR.D07G048000 GOHIR.D07G071700 GOHIR.D07G088100 GOHIR.D07G135800 GOHIR.D07G140200 GOHIR.D07G143900 GOHIR.D07G191900 GOHIR.D07G218500 GOHIR.D07G237200 GOHIR.D08G067700 GOHIR.D08G121200 GOHIR.D08G131700 GOHIR.D08G139100 GOHIR.D08G154200 GOHIR.D08G185700 GOHIR.D08G185800 GOHIR.D08G208400 GOHIR.D09G021700 GOHIR.D09G065100 GOHIR.D09G072100 GOHIR.D09G137600 GOHIR.D09G185500 GOHIR.D09G191300 GOHIR.D09G200300 GOHIR.D09G241700 GOHIR.D10G011400 GOHIR.D10G026100 GOHIR.D10G027900 GOHIR.D10G039400 GOHIR.D10G104700 GOHIR.D10G180300 GOHIR.D11G008500 GOHIR.D11G008600 GOHIR.D11G009300 GOHIR.D11G014200 GOHIR.D11G024500 GOHIR.D11G042700 GOHIR.D11G042800 GOHIR.D11G046260 GOHIR.D11G049900 GOHIR.D11G052700 GOHIR.D11G053400 GOHIR.D11G100800 GOHIR.D11G104100 GOHIR.D11G113700 GOHIR.D11G136200 GOHIR.D11G179900 GOHIR.D11G192700 GOHIR.D11G212100 GOHIR.D11G223000 GOHIR.D11G245200 GOHIR.D11G260200 GOHIR.D11G262100 GOHIR.D11G332800 GOHIR.D12G069000 GOHIR.D12G070900 GOHIR.D12G077900 GOHIR.D12G099600 GOHIR.D12G099700 GOHIR.D12G196100 GOHIR.D12G216900 GOHIR.D12G217000 GOHIR.D12G227600 GOHIR.D12G236600 GOHIR.D12G261800 GOHIR.D13G028900 GOHIR.D13G030866 GOHIR.D13G038900 GOHIR.D13G049800 GOHIR.D13G066800 GOHIR.D13G069800 GOHIR.D13G079000 GOHIR.D13G080500 GOHIR.D13G197500"
"18","Up regulated",2.78021120238997e-41,413,"Protein kinase activity","GOHIR.A01G013200 GOHIR.A01G037000 GOHIR.A01G038100 GOHIR.A01G070700 GOHIR.A01G086900 GOHIR.A01G145600 GOHIR.A01G179500 GOHIR.A01G191100 GOHIR.A01G222200 GOHIR.A01G228000 GOHIR.A02G001900 GOHIR.A02G003500 GOHIR.A02G069900 GOHIR.A02G071700 GOHIR.A02G079000 GOHIR.A02G079100 GOHIR.A02G084800 GOHIR.A02G085000 GOHIR.A02G137600 GOHIR.A02G145000 GOHIR.A02G145900 GOHIR.A02G154800 GOHIR.A02G156400 GOHIR.A02G156800 GOHIR.A02G177500 GOHIR.A03G035400 GOHIR.A03G110500 GOHIR.A03G130600 GOHIR.A03G154500 GOHIR.A03G155900 GOHIR.A03G170600 GOHIR.A03G171200 GOHIR.A03G194600 GOHIR.A04G024132 GOHIR.A04G024200 GOHIR.A04G024433 GOHIR.A04G024466 GOHIR.A04G024500 GOHIR.A04G039800 GOHIR.A04G048500 GOHIR.A04G103300 GOHIR.A04G103400 GOHIR.A04G116280 GOHIR.A04G143600 GOHIR.A05G014000 GOHIR.A05G034100 GOHIR.A05G046000 GOHIR.A05G072100 GOHIR.A05G108100 GOHIR.A05G119600 GOHIR.A05G130700 GOHIR.A05G140200 GOHIR.A05G160200 GOHIR.A05G166900 GOHIR.A05G198000 GOHIR.A05G199900 GOHIR.A05G202900 GOHIR.A05G206233 GOHIR.A05G206266 GOHIR.A05G224600 GOHIR.A05G227100 GOHIR.A05G264025 GOHIR.A05G288500 GOHIR.A05G289050 GOHIR.A05G289100 GOHIR.A05G309200 GOHIR.A05G313400 GOHIR.A05G316500 GOHIR.A05G362600 GOHIR.A05G380950 GOHIR.A05G386800 GOHIR.A06G010000 GOHIR.A06G028300 GOHIR.A06G028700 GOHIR.A06G028800 GOHIR.A06G076700 GOHIR.A06G087100 GOHIR.A06G091400 GOHIR.A06G121300 GOHIR.A06G121302 GOHIR.A06G127600 GOHIR.A06G128100 GOHIR.A06G145100 GOHIR.A06G162300 GOHIR.A06G162800 GOHIR.A06G163300 GOHIR.A06G170800 GOHIR.A06G208400 GOHIR.A06G208500 GOHIR.A07G002300 GOHIR.A07G005900 GOHIR.A07G013100 GOHIR.A07G019300 GOHIR.A07G022237 GOHIR.A07G072600 GOHIR.A07G102700 GOHIR.A07G141500 GOHIR.A07G142200 GOHIR.A07G160000 GOHIR.A07G181340 GOHIR.A07G182200 GOHIR.A07G195400 GOHIR.A07G197700 GOHIR.A07G207600 GOHIR.A07G216600 GOHIR.A08G015600 GOHIR.A08G028600 GOHIR.A08G077701 GOHIR.A08G085700 GOHIR.A08G087162 GOHIR.A08G132100 GOHIR.A08G141200 GOHIR.A08G161700 GOHIR.A08G221664 GOHIR.A08G246200 GOHIR.A09G017975 GOHIR.A09G038400 GOHIR.A09G070100 GOHIR.A09G070600 GOHIR.A09G107100 GOHIR.A09G117200 GOHIR.A09G128400 GOHIR.A09G148400 GOHIR.A09G155800 GOHIR.A09G176400 GOHIR.A09G176550 GOHIR.A09G176800 GOHIR.A09G213656 GOHIR.A09G240600 GOHIR.A10G000400 GOHIR.A10G012200 GOHIR.A10G015800 GOHIR.A10G015900 GOHIR.A10G016200 GOHIR.A10G016400 GOHIR.A10G018100 GOHIR.A10G026400 GOHIR.A10G033200 GOHIR.A10G048100 GOHIR.A10G091500 GOHIR.A10G093900 GOHIR.A10G102800 GOHIR.A10G132833 GOHIR.A10G150500 GOHIR.A10G188400 GOHIR.A10G217801 GOHIR.A10G222900 GOHIR.A10G234300 GOHIR.A10G234550 GOHIR.A10G236500 GOHIR.A11G017200 GOHIR.A11G032700 GOHIR.A11G039300 GOHIR.A11G044600 GOHIR.A11G050100 GOHIR.A11G051200 GOHIR.A11G073000 GOHIR.A11G074300 GOHIR.A11G132700 GOHIR.A11G144100 GOHIR.A11G157500 GOHIR.A11G158900 GOHIR.A11G164432 GOHIR.A11G164600 GOHIR.A11G165300 GOHIR.A11G165500 GOHIR.A11G188300 GOHIR.A11G189500 GOHIR.A11G192940 GOHIR.A11G219700 GOHIR.A11G243200 GOHIR.A11G283001 GOHIR.A12G003500 GOHIR.A12G007000 GOHIR.A12G007100 GOHIR.A12G012900 GOHIR.A12G013400 GOHIR.A12G044000 GOHIR.A12G144000 GOHIR.A12G144100 GOHIR.A12G144200 GOHIR.A12G160900 GOHIR.A12G166000 GOHIR.A12G173900 GOHIR.A12G180000 GOHIR.A12G203100 GOHIR.A12G255600 GOHIR.A12G270900 GOHIR.A13G064500 GOHIR.A13G065900 GOHIR.A13G072300 GOHIR.A13G185200 GOHIR.A13G190500 GOHIR.A13G229600 GOHIR.A13G235100 GOHIR.A13G235500 GOHIR.D01G014466 GOHIR.D01G024300 GOHIR.D01G025101 GOHIR.D01G025200 GOHIR.D01G025500 GOHIR.D01G025700 GOHIR.D01G026100 GOHIR.D01G026300 GOHIR.D01G034200 GOHIR.D01G034500 GOHIR.D01G039500 GOHIR.D01G044700 GOHIR.D01G057600 GOHIR.D01G057840 GOHIR.D01G057966 GOHIR.D01G058000 GOHIR.D01G080900 GOHIR.D01G096800 GOHIR.D01G130050 GOHIR.D01G143000 GOHIR.D01G170300 GOHIR.D01G178800 GOHIR.D01G215000 GOHIR.D01G217800 GOHIR.D02G003900 GOHIR.D02G017700 GOHIR.D02G017766 GOHIR.D02G066700 GOHIR.D02G076900 GOHIR.D02G079000 GOHIR.D02G086900 GOHIR.D02G087200 GOHIR.D02G100700 GOHIR.D02G105100 GOHIR.D02G135100 GOHIR.D02G177400 GOHIR.D02G179000 GOHIR.D02G185200 GOHIR.D02G193700 GOHIR.D02G194500 GOHIR.D03G000900 GOHIR.D03G009300 GOHIR.D03G023900 GOHIR.D03G034600 GOHIR.D03G035600 GOHIR.D03G048200 GOHIR.D03G125400 GOHIR.D03G132800 GOHIR.D04G002300 GOHIR.D04G019600 GOHIR.D04G023800 GOHIR.D04G030500 GOHIR.D04G030600 GOHIR.D04G051800 GOHIR.D04G060466 GOHIR.D04G070000 GOHIR.D04G088400 GOHIR.D04G093200 GOHIR.D04G132400 GOHIR.D04G142666 GOHIR.D04G142800 GOHIR.D04G157900 GOHIR.D04G172600 GOHIR.D04G187900 GOHIR.D05G004700 GOHIR.D05G015100 GOHIR.D05G046900 GOHIR.D05G055200 GOHIR.D05G074900 GOHIR.D05G100500 GOHIR.D05G105600 GOHIR.D05G142100 GOHIR.D05G155500 GOHIR.D05G162900 GOHIR.D05G171000 GOHIR.D05G188300 GOHIR.D05G202900 GOHIR.D05G206100 GOHIR.D05G218300 GOHIR.D05G266300 GOHIR.D05G280700 GOHIR.D05G289800 GOHIR.D05G290300 GOHIR.D05G290400 GOHIR.D05G310000 GOHIR.D05G314900 GOHIR.D05G342600 GOHIR.D05G363200 GOHIR.D05G363301 GOHIR.D06G007400 GOHIR.D06G027366 GOHIR.D06G030800 GOHIR.D06G036400 GOHIR.D06G049400 GOHIR.D06G068466 GOHIR.D06G075700 GOHIR.D06G078901 GOHIR.D06G090700 GOHIR.D06G125400 GOHIR.D06G125500 GOHIR.D06G126400 GOHIR.D06G126500 GOHIR.D06G139500 GOHIR.D06G139800 GOHIR.D06G151100 GOHIR.D06G167800 GOHIR.D06G178600 GOHIR.D06G188400 GOHIR.D06G212700 GOHIR.D07G006100 GOHIR.D07G019100 GOHIR.D07G047200 GOHIR.D07G047400 GOHIR.D07G060700 GOHIR.D07G077100 GOHIR.D07G106700 GOHIR.D07G122132 GOHIR.D07G129600 GOHIR.D07G148200 GOHIR.D07G166400 GOHIR.D07G187800 GOHIR.D07G188500 GOHIR.D07G190200 GOHIR.D07G202000 GOHIR.D07G213600 GOHIR.D08G010000 GOHIR.D08G023400 GOHIR.D08G039300 GOHIR.D08G047800 GOHIR.D08G087500 GOHIR.D08G109500 GOHIR.D08G118200 GOHIR.D08G132600 GOHIR.D08G153500 GOHIR.D08G202956 GOHIR.D08G241400 GOHIR.D08G241500 GOHIR.D08G258300 GOHIR.D08G267300 GOHIR.D09G016900 GOHIR.D09G018000 GOHIR.D09G039700 GOHIR.D09G047301 GOHIR.D09G050900 GOHIR.D09G051000 GOHIR.D09G069700 GOHIR.D09G069900 GOHIR.D09G070100 GOHIR.D09G103900 GOHIR.D09G114100 GOHIR.D09G120400 GOHIR.D09G151300 GOHIR.D09G172100 GOHIR.D09G172200 GOHIR.D09G172400 GOHIR.D09G213000 GOHIR.D09G214800 GOHIR.D09G224100 GOHIR.D09G248300 GOHIR.D10G007500 GOHIR.D10G011600 GOHIR.D10G015800 GOHIR.D10G016201 GOHIR.D10G016500 GOHIR.D10G018400 GOHIR.D10G033900 GOHIR.D10G087000 GOHIR.D10G094200 GOHIR.D10G096700 GOHIR.D10G115800 GOHIR.D10G182200 GOHIR.D10G196100 GOHIR.D10G227900 GOHIR.D10G235200 GOHIR.D10G246400 GOHIR.D11G036000 GOHIR.D11G048200 GOHIR.D11G054600 GOHIR.D11G138800 GOHIR.D11G150720 GOHIR.D11G160700 GOHIR.D11G164800 GOHIR.D11G165100 GOHIR.D11G165200 GOHIR.D11G170601 GOHIR.D11G170700 GOHIR.D11G171300 GOHIR.D11G171500 GOHIR.D11G178900 GOHIR.D11G199800 GOHIR.D11G215200 GOHIR.D11G294600 GOHIR.D11G348600 GOHIR.D12G006400 GOHIR.D12G006500 GOHIR.D12G014200 GOHIR.D12G027600 GOHIR.D12G043200 GOHIR.D12G050000 GOHIR.D12G067000 GOHIR.D12G071600 GOHIR.D12G139775 GOHIR.D12G148700 GOHIR.D12G148800 GOHIR.D12G157500 GOHIR.D12G176400 GOHIR.D12G182700 GOHIR.D12G214600 GOHIR.D13G055800 GOHIR.D13G056700 GOHIR.D13G072400 GOHIR.D13G084800 GOHIR.D13G091900 GOHIR.D13G139300 GOHIR.D13G191700 GOHIR.D13G196360 GOHIR.D13G235200"
"19","Up regulated",2.65101356725228e-32,155,"Sequence-specific DNA binding","GOHIR.A01G126000 GOHIR.A01G194600 GOHIR.A02G003000 GOHIR.A02G075300 GOHIR.A02G105200 GOHIR.A02G148600 GOHIR.A02G155600 GOHIR.A02G158000 GOHIR.A03G025100 GOHIR.A03G103600 GOHIR.A03G107700 GOHIR.A03G124300 GOHIR.A03G146100 GOHIR.A04G057100 GOHIR.A04G096000 GOHIR.A05G059100 GOHIR.A05G063500 GOHIR.A05G119500 GOHIR.A05G150600 GOHIR.A05G172000 GOHIR.A05G262000 GOHIR.A05G277500 GOHIR.A05G296800 GOHIR.A05G309500 GOHIR.A05G363500 GOHIR.A05G376800 GOHIR.A05G379600 GOHIR.A05G404200 GOHIR.A06G033400 GOHIR.A06G039900 GOHIR.A06G085300 GOHIR.A06G101400 GOHIR.A06G182900 GOHIR.A07G021000 GOHIR.A07G032533 GOHIR.A07G084354 GOHIR.A07G110200 GOHIR.A07G128500 GOHIR.A07G131500 GOHIR.A07G135300 GOHIR.A07G138800 GOHIR.A07G185200 GOHIR.A07G230000 GOHIR.A08G057600 GOHIR.A08G100100 GOHIR.A08G132900 GOHIR.A09G022500 GOHIR.A09G065900 GOHIR.A09G072400 GOHIR.A09G135700 GOHIR.A09G206700 GOHIR.A09G240900 GOHIR.A10G012000 GOHIR.A10G038400 GOHIR.A10G084100 GOHIR.A10G173800 GOHIR.A11G010000 GOHIR.A11G014000 GOHIR.A11G042700 GOHIR.A11G046500 GOHIR.A11G048900 GOHIR.A11G096100 GOHIR.A11G104800 GOHIR.A11G109200 GOHIR.A11G150100 GOHIR.A11G186100 GOHIR.A11G196100 GOHIR.A11G197200 GOHIR.A12G081000 GOHIR.A12G092700 GOHIR.A12G119500 GOHIR.A12G162100 GOHIR.A12G235400 GOHIR.A13G004300 GOHIR.A13G027500 GOHIR.A13G030900 GOHIR.A13G032800 GOHIR.A13G072133 GOHIR.A13G080700 GOHIR.A13G093000 GOHIR.D01G100400 GOHIR.D01G145000 GOHIR.D02G003400 GOHIR.D02G082400 GOHIR.D02G087600 GOHIR.D02G132700 GOHIR.D02G146700 GOHIR.D02G220000 GOHIR.D03G022800 GOHIR.D03G030500 GOHIR.D03G031800 GOHIR.D03G046600 GOHIR.D03G143400 GOHIR.D04G011700 GOHIR.D04G035800 GOHIR.D04G051100 GOHIR.D04G089800 GOHIR.D04G135800 GOHIR.D05G061200 GOHIR.D05G066100 GOHIR.D05G084300 GOHIR.D05G120500 GOHIR.D05G153100 GOHIR.D05G175100 GOHIR.D05G194300 GOHIR.D05G216400 GOHIR.D05G264300 GOHIR.D05G279100 GOHIR.D05G296700 GOHIR.D06G040900 GOHIR.D06G071000 GOHIR.D06G084600 GOHIR.D06G103300 GOHIR.D06G189700 GOHIR.D06G206400 GOHIR.D07G012000 GOHIR.D07G020700 GOHIR.D07G035800 GOHIR.D07G088100 GOHIR.D07G135800 GOHIR.D07G140200 GOHIR.D07G143900 GOHIR.D07G191900 GOHIR.D07G237200 GOHIR.D08G131700 GOHIR.D08G154200 GOHIR.D09G021700 GOHIR.D09G065100 GOHIR.D09G072100 GOHIR.D09G137600 GOHIR.D09G200300 GOHIR.D09G241700 GOHIR.D10G011400 GOHIR.D10G026100 GOHIR.D10G039400 GOHIR.D10G104700 GOHIR.D10G180300 GOHIR.D11G009300 GOHIR.D11G014200 GOHIR.D11G046260 GOHIR.D11G049900 GOHIR.D11G052700 GOHIR.D11G100800 GOHIR.D11G104100 GOHIR.D11G113700 GOHIR.D11G179900 GOHIR.D11G192700 GOHIR.D11G212100 GOHIR.D11G260200 GOHIR.D12G077900 GOHIR.D12G236600 GOHIR.D13G028900 GOHIR.D13G030866 GOHIR.D13G079000 GOHIR.D13G080500"
"20","Up regulated",9.77239629335398e-28,399,"Oxidation-reduction process","GOHIR.1Z049346 GOHIR.1Z049679 GOHIR.1Z057300 GOHIR.A01G006600 GOHIR.A01G006700 GOHIR.A01G008500 GOHIR.A01G019800 GOHIR.A01G044600 GOHIR.A01G059400 GOHIR.A01G078900 GOHIR.A01G088100 GOHIR.A01G172100 GOHIR.A01G179300 GOHIR.A01G194900 GOHIR.A01G195000 GOHIR.A01G195100 GOHIR.A02G022300 GOHIR.A02G022500 GOHIR.A02G037500 GOHIR.A02G037600 GOHIR.A02G037700 GOHIR.A02G064700 GOHIR.A02G074700 GOHIR.A02G083500 GOHIR.A02G096100 GOHIR.A02G124000 GOHIR.A02G132700 GOHIR.A02G165600 GOHIR.A03G012200 GOHIR.A03G100000 GOHIR.A03G100200 GOHIR.A03G108000 GOHIR.A03G110100 GOHIR.A03G122700 GOHIR.A03G169600 GOHIR.A03G169700 GOHIR.A03G169800 GOHIR.A03G169900 GOHIR.A03G172900 GOHIR.A03G173000 GOHIR.A03G174100 GOHIR.A04G027000 GOHIR.A04G086500 GOHIR.A04G086600 GOHIR.A04G091900 GOHIR.A04G107900 GOHIR.A04G112900 GOHIR.A04G113700 GOHIR.A04G129700 GOHIR.A05G004900 GOHIR.A05G033500 GOHIR.A05G038800 GOHIR.A05G058500 GOHIR.A05G063300 GOHIR.A05G076700 GOHIR.A05G082100 GOHIR.A05G087600 GOHIR.A05G089500 GOHIR.A05G194400 GOHIR.A05G198200 GOHIR.A05G198400 GOHIR.A05G207100 GOHIR.A05G242100 GOHIR.A05G247720 GOHIR.A05G249400 GOHIR.A05G249500 GOHIR.A05G249600 GOHIR.A05G260700 GOHIR.A05G262900 GOHIR.A05G292700 GOHIR.A05G292800 GOHIR.A05G306101 GOHIR.A05G329900 GOHIR.A05G353900 GOHIR.A05G401800 GOHIR.A06G013200 GOHIR.A06G014500 GOHIR.A06G051800 GOHIR.A06G057900 GOHIR.A06G066700 GOHIR.A06G076800 GOHIR.A06G081700 GOHIR.A06G082000 GOHIR.A06G122200 GOHIR.A06G123600 GOHIR.A06G123700 GOHIR.A06G182100 GOHIR.A06G196900 GOHIR.A07G040000 GOHIR.A07G054800 GOHIR.A07G058900 GOHIR.A07G078400 GOHIR.A07G083900 GOHIR.A07G084000 GOHIR.A07G084100 GOHIR.A07G091700 GOHIR.A07G103000 GOHIR.A07G129800 GOHIR.A07G161800 GOHIR.A07G183700 GOHIR.A07G187400 GOHIR.A07G198100 GOHIR.A07G198200 GOHIR.A07G198300 GOHIR.A07G198400 GOHIR.A07G210500 GOHIR.A07G218500 GOHIR.A07G219700 GOHIR.A08G014900 GOHIR.A08G039350 GOHIR.A08G069600 GOHIR.A08G069700 GOHIR.A08G093500 GOHIR.A08G111850 GOHIR.A08G116100 GOHIR.A08G128300 GOHIR.A08G131966 GOHIR.A08G143000 GOHIR.A08G148900 GOHIR.A08G158400 GOHIR.A08G167400 GOHIR.A08G167900 GOHIR.A08G175550 GOHIR.A08G175600 GOHIR.A08G189800 GOHIR.A08G210400 GOHIR.A08G222400 GOHIR.A08G235600 GOHIR.A09G027000 GOHIR.A09G047200 GOHIR.A09G047300 GOHIR.A09G094600 GOHIR.A09G121200 GOHIR.A09G125800 GOHIR.A09G125900 GOHIR.A09G126100 GOHIR.A09G143600 GOHIR.A09G165600 GOHIR.A09G171800 GOHIR.A09G225900 GOHIR.A09G226000 GOHIR.A10G032100 GOHIR.A10G054600 GOHIR.A10G078300 GOHIR.A10G085600 GOHIR.A10G144400 GOHIR.A10G162900 GOHIR.A10G198966 GOHIR.A10G229200 GOHIR.A10G236600 GOHIR.A10G237900 GOHIR.A11G001200 GOHIR.A11G022600 GOHIR.A11G027400 GOHIR.A11G040800 GOHIR.A11G042675 GOHIR.A11G045600 GOHIR.A11G134700 GOHIR.A11G219400 GOHIR.A11G327400 GOHIR.A12G012400 GOHIR.A12G030000 GOHIR.A12G030400 GOHIR.A12G030650 GOHIR.A12G035200 GOHIR.A12G056600 GOHIR.A12G062800 GOHIR.A12G093300 GOHIR.A12G114400 GOHIR.A12G139100 GOHIR.A12G139700 GOHIR.A12G145500 GOHIR.A12G195200 GOHIR.A12G201300 GOHIR.A12G210032 GOHIR.A12G210200 GOHIR.A12G233100 GOHIR.A12G257000 GOHIR.A12G259001 GOHIR.A12G264700 GOHIR.A13G016100 GOHIR.A13G038200 GOHIR.A13G038600 GOHIR.A13G059200 GOHIR.A13G094400 GOHIR.A13G108000 GOHIR.A13G122266 GOHIR.A13G134200 GOHIR.A13G153600 GOHIR.A13G155500 GOHIR.A13G205000 GOHIR.A13G205100 GOHIR.A13G205300 GOHIR.A13G205400 GOHIR.A13G205600 GOHIR.A13G221900 GOHIR.A13G227100 GOHIR.D01G005700 GOHIR.D01G018400 GOHIR.D01G029800 GOHIR.D01G035400 GOHIR.D01G037500 GOHIR.D01G045400 GOHIR.D01G066000 GOHIR.D01G074400 GOHIR.D01G074500 GOHIR.D01G119500 GOHIR.D01G163100 GOHIR.D01G179700 GOHIR.D01G185400 GOHIR.D01G216800 GOHIR.D02G006301 GOHIR.D02G014900 GOHIR.D02G028200 GOHIR.D02G028400 GOHIR.D02G028700 GOHIR.D02G029100 GOHIR.D02G029200 GOHIR.D02G029400 GOHIR.D02G029500 GOHIR.D02G029700 GOHIR.D02G029800 GOHIR.D02G029900 GOHIR.D02G030200 GOHIR.D02G038000 GOHIR.D02G090000 GOHIR.D02G098800 GOHIR.D02G125200 GOHIR.D02G133000 GOHIR.D02G134700 GOHIR.D02G192700 GOHIR.D02G192800 GOHIR.D02G192900 GOHIR.D02G193000 GOHIR.D02G196200 GOHIR.D02G197300 GOHIR.D02G206966 GOHIR.D03G044100 GOHIR.D03G067066 GOHIR.D03G067100 GOHIR.D03G123300 GOHIR.D03G157700 GOHIR.D04G013800 GOHIR.D04G059200 GOHIR.D04G067900 GOHIR.D04G071800 GOHIR.D04G115900 GOHIR.D04G126700 GOHIR.D04G131100 GOHIR.D04G147700 GOHIR.D04G151400 GOHIR.D04G154100 GOHIR.D04G155000 GOHIR.D04G174800 GOHIR.D05G005800 GOHIR.D05G026200 GOHIR.D05G034600 GOHIR.D05G035000 GOHIR.D05G065900 GOHIR.D05G070100 GOHIR.D05G090400 GOHIR.D05G113900 GOHIR.D05G131900 GOHIR.D05G197600 GOHIR.D05G201100 GOHIR.D05G201300 GOHIR.D05G225300 GOHIR.D05G249500 GOHIR.D05G249550 GOHIR.D05G249800 GOHIR.D05G249900 GOHIR.D05G250000 GOHIR.D05G261500 GOHIR.D05G262900 GOHIR.D05G265100 GOHIR.D05G281700 GOHIR.D05G293600 GOHIR.D05G310700 GOHIR.D05G361100 GOHIR.D06G002600 GOHIR.D06G011000 GOHIR.D06G011800 GOHIR.D06G056200 GOHIR.D06G065200 GOHIR.D06G075800 GOHIR.D06G080600 GOHIR.D06G081400 GOHIR.D06G083200 GOHIR.D06G091100 GOHIR.D06G122600 GOHIR.D06G128500 GOHIR.D06G169200 GOHIR.D06G186200 GOHIR.D06G204400 GOHIR.D07G027700 GOHIR.D07G042500 GOHIR.D07G059100 GOHIR.D07G059200 GOHIR.D07G073700 GOHIR.D07G090100 GOHIR.D07G090200 GOHIR.D07G107000 GOHIR.D07G191700 GOHIR.D07G194100 GOHIR.D07G198900 GOHIR.D07G204600 GOHIR.D07G204700 GOHIR.D07G204800 GOHIR.D07G216500 GOHIR.D07G216600 GOHIR.D08G050200 GOHIR.D08G078300 GOHIR.D08G079150 GOHIR.D08G088500 GOHIR.D08G088600 GOHIR.D08G122300 GOHIR.D08G149600 GOHIR.D08G153100 GOHIR.D08G163900 GOHIR.D08G169900 GOHIR.D08G194740 GOHIR.D08G200600 GOHIR.D08G230200 GOHIR.D09G026500 GOHIR.D09G026700 GOHIR.D09G033700 GOHIR.D09G048100 GOHIR.D09G094400 GOHIR.D09G117300 GOHIR.D09G122800 GOHIR.D09G161200 GOHIR.D09G164460 GOHIR.D09G167500 GOHIR.D09G200600 GOHIR.D09G200700 GOHIR.D09G227148 GOHIR.D09G227160 GOHIR.D10G007000 GOHIR.D10G056600 GOHIR.D10G065500 GOHIR.D10G073100 GOHIR.D10G102900 GOHIR.D10G169300 GOHIR.D10G205700 GOHIR.D10G207100 GOHIR.D10G223200 GOHIR.D10G226400 GOHIR.D10G226500 GOHIR.D10G243200 GOHIR.D10G248400 GOHIR.D10G249000 GOHIR.D10G249700 GOHIR.D11G007200 GOHIR.D11G022200 GOHIR.D11G026600 GOHIR.D11G044000 GOHIR.D11G046200 GOHIR.D11G091100 GOHIR.D11G104000 GOHIR.D11G140901 GOHIR.D11G195200 GOHIR.D11G204200 GOHIR.D11G215600 GOHIR.D11G221700 GOHIR.D11G248900 GOHIR.D11G346300 GOHIR.D12G012800 GOHIR.D12G015900 GOHIR.D12G025600 GOHIR.D12G037500 GOHIR.D12G042500 GOHIR.D12G095200 GOHIR.D12G116800 GOHIR.D12G117700 GOHIR.D12G161200 GOHIR.D12G167100 GOHIR.D12G197600 GOHIR.D12G212800 GOHIR.D12G212900 GOHIR.D12G233200 GOHIR.D12G260300 GOHIR.D12G262400 GOHIR.D13G009200 GOHIR.D13G036500 GOHIR.D13G036750 GOHIR.D13G063000 GOHIR.D13G111000 GOHIR.D13G137800 GOHIR.D13G148400 GOHIR.D13G158200 GOHIR.D13G160400 GOHIR.D13G194900 GOHIR.D13G201200 GOHIR.D13G209900 GOHIR.D13G210001 GOHIR.D13G210400 GOHIR.D13G210500 GOHIR.D13G225900 GOHIR.D13G232400"
"21","Up regulated",7.07036634900016e-22,134,"Oxidoreductase activity-acting on paired donors-with incorporation or reduction of molecular oxygen","GOHIR.A01G044600 GOHIR.A01G078900 GOHIR.A01G088100 GOHIR.A01G194900 GOHIR.A01G195000 GOHIR.A01G195100 GOHIR.A02G022300 GOHIR.A02G022500 GOHIR.A02G064700 GOHIR.A03G012200 GOHIR.A04G107900 GOHIR.A04G129700 GOHIR.A05G063300 GOHIR.A05G082100 GOHIR.A05G089500 GOHIR.A05G198200 GOHIR.A05G198400 GOHIR.A05G207100 GOHIR.A05G260700 GOHIR.A05G262900 GOHIR.A05G292700 GOHIR.A05G292800 GOHIR.A05G353900 GOHIR.A06G013200 GOHIR.A06G014500 GOHIR.A06G057900 GOHIR.A06G076800 GOHIR.A07G040000 GOHIR.A07G078400 GOHIR.A07G103000 GOHIR.A07G161800 GOHIR.A07G210500 GOHIR.A08G014900 GOHIR.A08G128300 GOHIR.A08G148900 GOHIR.A08G158400 GOHIR.A08G175550 GOHIR.A08G175600 GOHIR.A09G047200 GOHIR.A09G047300 GOHIR.A09G094600 GOHIR.A09G125800 GOHIR.A09G125900 GOHIR.A09G126100 GOHIR.A10G198966 GOHIR.A10G236600 GOHIR.A11G042675 GOHIR.A11G134700 GOHIR.A11G219400 GOHIR.A12G030000 GOHIR.A12G030400 GOHIR.A12G056600 GOHIR.A12G062800 GOHIR.A12G114400 GOHIR.A12G139100 GOHIR.A12G145500 GOHIR.A12G201300 GOHIR.A12G257000 GOHIR.A12G264700 GOHIR.A13G038200 GOHIR.A13G038600 GOHIR.A13G059200 GOHIR.A13G094400 GOHIR.A13G122266 GOHIR.A13G134200 GOHIR.D01G035400 GOHIR.D01G066000 GOHIR.D01G074400 GOHIR.D01G074500 GOHIR.D01G185400 GOHIR.D02G028200 GOHIR.D02G028400 GOHIR.D02G028700 GOHIR.D02G029100 GOHIR.D02G029200 GOHIR.D02G029400 GOHIR.D02G029500 GOHIR.D02G029700 GOHIR.D02G029800 GOHIR.D02G029900 GOHIR.D02G030200 GOHIR.D02G090000 GOHIR.D03G123300 GOHIR.D03G157700 GOHIR.D04G059200 GOHIR.D04G147700 GOHIR.D04G174800 GOHIR.D05G034600 GOHIR.D05G065900 GOHIR.D05G090400 GOHIR.D05G201100 GOHIR.D05G201300 GOHIR.D05G262900 GOHIR.D05G265100 GOHIR.D05G293600 GOHIR.D05G310700 GOHIR.D06G011000 GOHIR.D06G011800 GOHIR.D06G056200 GOHIR.D06G075800 GOHIR.D06G169200 GOHIR.D06G186200 GOHIR.D07G107000 GOHIR.D07G194100 GOHIR.D07G198900 GOHIR.D07G216500 GOHIR.D07G216600 GOHIR.D08G149600 GOHIR.D08G153100 GOHIR.D08G169900 GOHIR.D08G194740 GOHIR.D09G048100 GOHIR.D09G094400 GOHIR.D09G122800 GOHIR.D09G200600 GOHIR.D09G200700 GOHIR.D10G205700 GOHIR.D10G207100 GOHIR.D10G223200 GOHIR.D10G248400 GOHIR.D11G007200 GOHIR.D11G046200 GOHIR.D11G104000 GOHIR.D11G140901 GOHIR.D11G195200 GOHIR.D11G204200 GOHIR.D12G025600 GOHIR.D12G042500 GOHIR.D12G117700 GOHIR.D12G167100 GOHIR.D13G036500 GOHIR.D13G036750 GOHIR.D13G063000 GOHIR.D13G137800"
"22","Up regulated",8.93740959217643e-21,142,"Iron ion binding","GOHIR.A01G044600 GOHIR.A01G078900 GOHIR.A01G088100 GOHIR.A01G194900 GOHIR.A01G195000 GOHIR.A01G195100 GOHIR.A02G022300 GOHIR.A02G022500 GOHIR.A02G064700 GOHIR.A03G012200 GOHIR.A03G100000 GOHIR.A03G100200 GOHIR.A04G107900 GOHIR.A04G129700 GOHIR.A05G063300 GOHIR.A05G082100 GOHIR.A05G089500 GOHIR.A05G198200 GOHIR.A05G198400 GOHIR.A05G207100 GOHIR.A05G260700 GOHIR.A05G262900 GOHIR.A05G292700 GOHIR.A05G292800 GOHIR.A05G306101 GOHIR.A05G353900 GOHIR.A06G013200 GOHIR.A06G014500 GOHIR.A06G057900 GOHIR.A06G076800 GOHIR.A07G040000 GOHIR.A07G078400 GOHIR.A07G103000 GOHIR.A07G161800 GOHIR.A07G210500 GOHIR.A08G014900 GOHIR.A08G093500 GOHIR.A08G128300 GOHIR.A08G148900 GOHIR.A08G158400 GOHIR.A08G175550 GOHIR.A08G175600 GOHIR.A08G235600 GOHIR.A09G047200 GOHIR.A09G047300 GOHIR.A09G094600 GOHIR.A09G125800 GOHIR.A09G125900 GOHIR.A09G126100 GOHIR.A10G198966 GOHIR.A10G236600 GOHIR.A11G042675 GOHIR.A11G134700 GOHIR.A11G219400 GOHIR.A12G030000 GOHIR.A12G030400 GOHIR.A12G056600 GOHIR.A12G062800 GOHIR.A12G114400 GOHIR.A12G139100 GOHIR.A12G145500 GOHIR.A12G201300 GOHIR.A12G257000 GOHIR.A12G264700 GOHIR.A13G038200 GOHIR.A13G038600 GOHIR.A13G059200 GOHIR.A13G094400 GOHIR.A13G122266 GOHIR.A13G134200 GOHIR.D01G035400 GOHIR.D01G066000 GOHIR.D01G074400 GOHIR.D01G074500 GOHIR.D01G185400 GOHIR.D02G028200 GOHIR.D02G028400 GOHIR.D02G028700 GOHIR.D02G029100 GOHIR.D02G029200 GOHIR.D02G029400 GOHIR.D02G029500 GOHIR.D02G029700 GOHIR.D02G029800 GOHIR.D02G029900 GOHIR.D02G030200 GOHIR.D02G090000 GOHIR.D02G125200 GOHIR.D03G123300 GOHIR.D03G157700 GOHIR.D04G059200 GOHIR.D04G147700 GOHIR.D04G174800 GOHIR.D05G034600 GOHIR.D05G065900 GOHIR.D05G090400 GOHIR.D05G201100 GOHIR.D05G201300 GOHIR.D05G262900 GOHIR.D05G265100 GOHIR.D05G293600 GOHIR.D05G310700 GOHIR.D06G011000 GOHIR.D06G011800 GOHIR.D06G056200 GOHIR.D06G075800 GOHIR.D06G169200 GOHIR.D06G186200 GOHIR.D07G107000 GOHIR.D07G194100 GOHIR.D07G198900 GOHIR.D07G216500 GOHIR.D07G216600 GOHIR.D08G149600 GOHIR.D08G153100 GOHIR.D08G169900 GOHIR.D08G194740 GOHIR.D09G048100 GOHIR.D09G094400 GOHIR.D09G122800 GOHIR.D09G200600 GOHIR.D09G200700 GOHIR.D10G065500 GOHIR.D10G205700 GOHIR.D10G207100 GOHIR.D10G223200 GOHIR.D10G248400 GOHIR.D11G007200 GOHIR.D11G046200 GOHIR.D11G104000 GOHIR.D11G140901 GOHIR.D11G195200 GOHIR.D11G204200 GOHIR.D12G025600 GOHIR.D12G042500 GOHIR.D12G117700 GOHIR.D12G167100 GOHIR.D12G233200 GOHIR.D13G036500 GOHIR.D13G036750 GOHIR.D13G063000 GOHIR.D13G137800"
"23","Up regulated",2.13236926437964e-18,156,"Heme binding","GOHIR.A01G044600 GOHIR.A01G078900 GOHIR.A01G088100 GOHIR.A01G194900 GOHIR.A01G195000 GOHIR.A01G195100 GOHIR.A02G022300 GOHIR.A02G022500 GOHIR.A02G064700 GOHIR.A03G012200 GOHIR.A03G108000 GOHIR.A03G110100 GOHIR.A03G172900 GOHIR.A03G173000 GOHIR.A04G107900 GOHIR.A04G112900 GOHIR.A04G129700 GOHIR.A05G063300 GOHIR.A05G082100 GOHIR.A05G089500 GOHIR.A05G198200 GOHIR.A05G198400 GOHIR.A05G207100 GOHIR.A05G260700 GOHIR.A05G262900 GOHIR.A05G292700 GOHIR.A05G292800 GOHIR.A05G353900 GOHIR.A05G401800 GOHIR.A06G013200 GOHIR.A06G014500 GOHIR.A06G057900 GOHIR.A06G076800 GOHIR.A07G040000 GOHIR.A07G078400 GOHIR.A07G103000 GOHIR.A07G161800 GOHIR.A07G210500 GOHIR.A08G014900 GOHIR.A08G039350 GOHIR.A08G128300 GOHIR.A08G131966 GOHIR.A08G148900 GOHIR.A08G158400 GOHIR.A08G175550 GOHIR.A08G175600 GOHIR.A09G047200 GOHIR.A09G047300 GOHIR.A09G084800 GOHIR.A09G094600 GOHIR.A09G125800 GOHIR.A09G125900 GOHIR.A09G126100 GOHIR.A10G198966 GOHIR.A10G236600 GOHIR.A11G042675 GOHIR.A11G134700 GOHIR.A11G219400 GOHIR.A12G030000 GOHIR.A12G030400 GOHIR.A12G056600 GOHIR.A12G062800 GOHIR.A12G114400 GOHIR.A12G139100 GOHIR.A12G145500 GOHIR.A12G201300 GOHIR.A12G210200 GOHIR.A12G257000 GOHIR.A12G264700 GOHIR.A13G038200 GOHIR.A13G038600 GOHIR.A13G059200 GOHIR.A13G094400 GOHIR.A13G122266 GOHIR.A13G134200 GOHIR.D01G035400 GOHIR.D01G066000 GOHIR.D01G074400 GOHIR.D01G074500 GOHIR.D01G185400 GOHIR.D02G028200 GOHIR.D02G028400 GOHIR.D02G028700 GOHIR.D02G029100 GOHIR.D02G029200 GOHIR.D02G029400 GOHIR.D02G029500 GOHIR.D02G029700 GOHIR.D02G029800 GOHIR.D02G029900 GOHIR.D02G030200 GOHIR.D02G090000 GOHIR.D02G133000 GOHIR.D02G134700 GOHIR.D02G196200 GOHIR.D03G123300 GOHIR.D03G157700 GOHIR.D04G013800 GOHIR.D04G059200 GOHIR.D04G115900 GOHIR.D04G147700 GOHIR.D04G154100 GOHIR.D04G174800 GOHIR.D05G034600 GOHIR.D05G065900 GOHIR.D05G090400 GOHIR.D05G201100 GOHIR.D05G201300 GOHIR.D05G262900 GOHIR.D05G265100 GOHIR.D05G281700 GOHIR.D05G293600 GOHIR.D05G310700 GOHIR.D06G011000 GOHIR.D06G011800 GOHIR.D06G056200 GOHIR.D06G075800 GOHIR.D06G169200 GOHIR.D06G186200 GOHIR.D07G107000 GOHIR.D07G194100 GOHIR.D07G198900 GOHIR.D07G216500 GOHIR.D07G216600 GOHIR.D08G088500 GOHIR.D08G088600 GOHIR.D08G149600 GOHIR.D08G153100 GOHIR.D08G169900 GOHIR.D08G194740 GOHIR.D09G048100 GOHIR.D09G094400 GOHIR.D09G122800 GOHIR.D09G200600 GOHIR.D09G200700 GOHIR.D10G205700 GOHIR.D10G207100 GOHIR.D10G223200 GOHIR.D10G248400 GOHIR.D11G007200 GOHIR.D11G046200 GOHIR.D11G104000 GOHIR.D11G140901 GOHIR.D11G195200 GOHIR.D11G204200 GOHIR.D11G221700 GOHIR.D12G025600 GOHIR.D12G042500 GOHIR.D12G117700 GOHIR.D12G161200 GOHIR.D12G167100 GOHIR.D12G212900 GOHIR.D13G036500 GOHIR.D13G036750 GOHIR.D13G063000 GOHIR.D13G137800"
"24","Up regulated",1.85293058312445e-15,106,"ADP binding","GOHIR.A01G047552 GOHIR.A01G064200 GOHIR.A01G118200 GOHIR.A03G016512 GOHIR.A03G144800 GOHIR.A04G008600 GOHIR.A04G016400 GOHIR.A04G027800 GOHIR.A04G037433 GOHIR.A04G037600 GOHIR.A04G040800 GOHIR.A05G006200 GOHIR.A05G199700 GOHIR.A05G282200 GOHIR.A06G012875 GOHIR.A06G029000 GOHIR.A07G057900 GOHIR.A10G231400 GOHIR.A10G231849 GOHIR.A10G232350 GOHIR.A10G232700 GOHIR.A11G039200 GOHIR.A11G159100 GOHIR.A11G282526 GOHIR.A11G282539 GOHIR.A11G282900 GOHIR.A11G284200 GOHIR.A11G284300 GOHIR.A11G284400 GOHIR.A11G284982 GOHIR.A11G296925 GOHIR.A11G297600 GOHIR.A11G301600 GOHIR.A11G315900 GOHIR.A11G316800 GOHIR.A12G177900 GOHIR.A13G197800 GOHIR.D01G017100 GOHIR.D01G106500 GOHIR.D03G053220 GOHIR.D03G155600 GOHIR.D03G155700 GOHIR.D03G164300 GOHIR.D03G164400 GOHIR.D03G164900 GOHIR.D05G007100 GOHIR.D05G135000 GOHIR.D05G202700 GOHIR.D05G283400 GOHIR.D05G353800 GOHIR.D05G354900 GOHIR.D05G367984 GOHIR.D05G371100 GOHIR.D06G010200 GOHIR.D06G010284 GOHIR.D06G027900 GOHIR.D07G062700 GOHIR.D10G226900 GOHIR.D10G230200 GOHIR.D10G230651 GOHIR.D10G230800 GOHIR.D10G231300 GOHIR.D10G231800 GOHIR.D10G232100 GOHIR.D10G244516 GOHIR.D11G042500 GOHIR.D11G172500 GOHIR.D11G172900 GOHIR.D11G196100 GOHIR.D11G290132 GOHIR.D11G295400 GOHIR.D11G296608 GOHIR.D11G296616 GOHIR.D11G296736 GOHIR.D11G296744 GOHIR.D11G296800 GOHIR.D11G296916 GOHIR.D11G296964 GOHIR.D11G297000 GOHIR.D11G297400 GOHIR.D11G298200 GOHIR.D11G310100 GOHIR.D11G312072 GOHIR.D11G312100 GOHIR.D11G312200 GOHIR.D11G312500 GOHIR.D11G312600 GOHIR.D11G312636 GOHIR.D11G312690 GOHIR.D11G312800 GOHIR.D11G313100 GOHIR.D11G315366 GOHIR.D11G315557 GOHIR.D11G315614 GOHIR.D11G317000 GOHIR.D11G325101 GOHIR.D11G325233 GOHIR.D11G325501 GOHIR.D11G329800 GOHIR.D11G330000 GOHIR.D11G330300 GOHIR.D11G333700 GOHIR.D11G335200 GOHIR.D11G335400 GOHIR.D11G336100 GOHIR.D12G180300"
"25","Up regulated",5.57310394415625e-13,51,"Protein ubiquitination","GOHIR.A01G174600 GOHIR.A01G220400 GOHIR.A02G004300 GOHIR.A02G065600 GOHIR.A02G145000 GOHIR.A02G153900 GOHIR.A02G166300 GOHIR.A03G112300 GOHIR.A03G153400 GOHIR.A04G057200 GOHIR.A05G024900 GOHIR.A05G142600 GOHIR.A05G142700 GOHIR.A06G102400 GOHIR.A06G134000 GOHIR.A07G142200 GOHIR.A09G133700 GOHIR.A09G221500 GOHIR.A10G018000 GOHIR.A10G095500 GOHIR.A10G149500 GOHIR.A10G203400 GOHIR.A12G273300 GOHIR.A13G028000 GOHIR.A13G089000 GOHIR.D01G018600 GOHIR.D01G103400 GOHIR.D01G165800 GOHIR.D01G191000 GOHIR.D01G209400 GOHIR.D02G071400 GOHIR.D02G071500 GOHIR.D02G136900 GOHIR.D02G176200 GOHIR.D03G026400 GOHIR.D05G026400 GOHIR.D05G037900 GOHIR.D05G145100 GOHIR.D06G111900 GOHIR.D06G139000 GOHIR.D06G212400 GOHIR.D07G047200 GOHIR.D07G148200 GOHIR.D09G074800 GOHIR.D10G034700 GOHIR.D10G092500 GOHIR.D10G211500 GOHIR.D11G147500 GOHIR.D12G271500 GOHIR.D12G274000 GOHIR.D13G026800"
"26","Up regulated",1.0655066582847e-12,182,"Oxidoreductase activity","GOHIR.1Z049346 GOHIR.1Z057300 GOHIR.A01G006600 GOHIR.A01G006700 GOHIR.A01G008500 GOHIR.A01G172100 GOHIR.A01G179300 GOHIR.A02G037500 GOHIR.A02G037600 GOHIR.A02G037700 GOHIR.A02G074700 GOHIR.A02G083500 GOHIR.A02G124000 GOHIR.A02G132700 GOHIR.A02G165600 GOHIR.A03G017100 GOHIR.A03G017200 GOHIR.A03G100000 GOHIR.A03G100200 GOHIR.A03G122700 GOHIR.A04G027000 GOHIR.A04G086500 GOHIR.A04G086600 GOHIR.A05G004900 GOHIR.A05G033500 GOHIR.A05G038800 GOHIR.A05G058500 GOHIR.A05G076700 GOHIR.A05G087600 GOHIR.A05G194400 GOHIR.A05G242100 GOHIR.A05G247720 GOHIR.A05G249400 GOHIR.A05G249500 GOHIR.A05G249600 GOHIR.A05G329900 GOHIR.A06G051800 GOHIR.A06G066700 GOHIR.A06G081700 GOHIR.A06G082000 GOHIR.A06G122200 GOHIR.A06G123600 GOHIR.A06G123700 GOHIR.A06G182100 GOHIR.A06G196900 GOHIR.A07G058900 GOHIR.A07G083900 GOHIR.A07G084000 GOHIR.A07G084100 GOHIR.A07G091700 GOHIR.A07G129800 GOHIR.A07G143300 GOHIR.A07G143400 GOHIR.A07G183700 GOHIR.A07G187400 GOHIR.A07G198100 GOHIR.A07G198200 GOHIR.A07G198300 GOHIR.A07G198400 GOHIR.A08G069600 GOHIR.A08G093500 GOHIR.A08G111300 GOHIR.A08G111850 GOHIR.A08G143000 GOHIR.A08G167900 GOHIR.A08G189800 GOHIR.A08G222400 GOHIR.A08G235600 GOHIR.A09G027000 GOHIR.A09G143600 GOHIR.A09G165600 GOHIR.A09G225900 GOHIR.A09G226000 GOHIR.A10G032100 GOHIR.A10G078300 GOHIR.A10G162900 GOHIR.A10G229200 GOHIR.A10G237900 GOHIR.A11G022600 GOHIR.A11G040800 GOHIR.A11G045600 GOHIR.A11G327400 GOHIR.A12G035200 GOHIR.A12G093300 GOHIR.A12G195200 GOHIR.A12G210032 GOHIR.A12G233100 GOHIR.A12G259001 GOHIR.A13G153600 GOHIR.A13G155500 GOHIR.A13G205000 GOHIR.A13G205100 GOHIR.A13G205300 GOHIR.A13G205400 GOHIR.A13G205600 GOHIR.A13G221900 GOHIR.A13G227100 GOHIR.D01G005700 GOHIR.D01G029800 GOHIR.D01G037500 GOHIR.D01G163100 GOHIR.D01G179700 GOHIR.D01G216800 GOHIR.D02G098800 GOHIR.D02G125200 GOHIR.D02G206966 GOHIR.D03G044100 GOHIR.D03G067066 GOHIR.D03G150800 GOHIR.D04G067900 GOHIR.D04G071800 GOHIR.D04G126700 GOHIR.D05G005800 GOHIR.D05G026200 GOHIR.D05G035000 GOHIR.D05G131900 GOHIR.D05G197600 GOHIR.D05G225300 GOHIR.D05G249500 GOHIR.D05G249550 GOHIR.D05G249800 GOHIR.D05G249900 GOHIR.D05G250000 GOHIR.D05G261500 GOHIR.D05G361100 GOHIR.D06G002600 GOHIR.D06G065200 GOHIR.D06G081400 GOHIR.D06G083200 GOHIR.D06G122600 GOHIR.D06G128500 GOHIR.D06G204400 GOHIR.D07G042500 GOHIR.D07G090100 GOHIR.D07G090200 GOHIR.D07G119700 GOHIR.D07G149000 GOHIR.D07G204600 GOHIR.D07G204700 GOHIR.D07G204800 GOHIR.D08G050200 GOHIR.D08G078300 GOHIR.D08G122300 GOHIR.D08G163900 GOHIR.D08G200600 GOHIR.D08G230200 GOHIR.D09G026700 GOHIR.D09G161200 GOHIR.D09G227148 GOHIR.D09G227160 GOHIR.D10G007000 GOHIR.D10G073100 GOHIR.D10G169300 GOHIR.D10G243200 GOHIR.D10G249000 GOHIR.D10G249700 GOHIR.D11G022200 GOHIR.D11G044000 GOHIR.D11G215600 GOHIR.D11G248900 GOHIR.D11G346300 GOHIR.D12G015900 GOHIR.D12G037500 GOHIR.D12G065700 GOHIR.D12G095200 GOHIR.D12G116800 GOHIR.D12G197600 GOHIR.D12G212800 GOHIR.D12G233200 GOHIR.D12G260300 GOHIR.D12G262400 GOHIR.D13G009200 GOHIR.D13G158200 GOHIR.D13G160400 GOHIR.D13G194900 GOHIR.D13G201200 GOHIR.D13G209900 GOHIR.D13G210001 GOHIR.D13G210400 GOHIR.D13G210500 GOHIR.D13G225900 GOHIR.D13G232400"
"27","Up regulated",3.67820044987776e-10,68,"Signal transduction","GOHIR.A01G154300 GOHIR.A02G035100 GOHIR.A02G171900 GOHIR.A03G144800 GOHIR.A05G052100 GOHIR.A05G088300 GOHIR.A05G119600 GOHIR.A06G030300 GOHIR.A06G132100 GOHIR.A06G163500 GOHIR.A07G198750 GOHIR.A09G221600 GOHIR.A10G231400 GOHIR.A10G231849 GOHIR.A10G232350 GOHIR.A10G232501 GOHIR.A10G232700 GOHIR.A11G100100 GOHIR.A11G282526 GOHIR.A11G282539 GOHIR.A11G284200 GOHIR.A11G284300 GOHIR.A11G284400 GOHIR.A11G284982 GOHIR.A11G286320 GOHIR.A11G296925 GOHIR.A11G297600 GOHIR.A11G301600 GOHIR.A11G301625 GOHIR.A13G082900 GOHIR.D02G041900 GOHIR.D02G168100 GOHIR.D03G008200 GOHIR.D03G164000 GOHIR.D03G164300 GOHIR.D03G164900 GOHIR.D05G089300 GOHIR.D06G029300 GOHIR.D06G129800 GOHIR.D06G169800 GOHIR.D09G090000 GOHIR.D10G226900 GOHIR.D10G244516 GOHIR.D11G045900 GOHIR.D11G104800 GOHIR.D11G290132 GOHIR.D11G295400 GOHIR.D11G296800 GOHIR.D11G296916 GOHIR.D11G296964 GOHIR.D11G297000 GOHIR.D11G297400 GOHIR.D11G310100 GOHIR.D11G312072 GOHIR.D11G312100 GOHIR.D11G312200 GOHIR.D11G312500 GOHIR.D11G312600 GOHIR.D11G312636 GOHIR.D11G312690 GOHIR.D11G312800 GOHIR.D11G313100 GOHIR.D11G315366 GOHIR.D11G315557 GOHIR.D11G315614 GOHIR.D11G317000 GOHIR.D12G164100 GOHIR.D12G186100"
"28","Up regulated",1.14122303431795e-09,35,"Recognition of pollen","GOHIR.A01G038100 GOHIR.A01G070700 GOHIR.A04G024132 GOHIR.A04G024200 GOHIR.A04G024500 GOHIR.A05G166900 GOHIR.A05G386800 GOHIR.A08G221664 GOHIR.A09G070600 GOHIR.A10G018100 GOHIR.A11G283001 GOHIR.D01G025200 GOHIR.D01G025500 GOHIR.D01G025700 GOHIR.D01G026100 GOHIR.D01G026300 GOHIR.D01G057600 GOHIR.D01G057966 GOHIR.D01G058000 GOHIR.D02G066700 GOHIR.D02G185200 GOHIR.D04G023800 GOHIR.D04G030600 GOHIR.D05G363200 GOHIR.D05G363301 GOHIR.D06G126400 GOHIR.D06G126500 GOHIR.D06G188400 GOHIR.D08G241400 GOHIR.D08G241500 GOHIR.D09G137400 GOHIR.D10G018400 GOHIR.D11G294600 GOHIR.D12G139775 GOHIR.D12G157500"
"29","Up regulated",2.35251146955446e-09,12,"Coenzyme A metabolic process","GOHIR.A03G169600 GOHIR.A03G169700 GOHIR.A03G169800 GOHIR.A03G169900 GOHIR.A12G012400 GOHIR.D01G119500 GOHIR.D02G192700 GOHIR.D02G192800 GOHIR.D02G192900 GOHIR.D02G193000 GOHIR.D04G151400 GOHIR.D12G012800"
"30","Up regulated",6.07664416800692e-05,37,"Protein serine/threonine phosphatase activity","GOHIR.A02G178600 GOHIR.A03G028900 GOHIR.A03G184100 GOHIR.A04G102800 GOHIR.A05G012000 GOHIR.A05G092800 GOHIR.A05G095800 GOHIR.A05G107300 GOHIR.A05G225900 GOHIR.A06G035500 GOHIR.A06G066900 GOHIR.A07G130100 GOHIR.A08G039700 GOHIR.A08G201100 GOHIR.A09G001900 GOHIR.A10G094500 GOHIR.A11G217800 GOHIR.A12G121900 GOHIR.A13G045200 GOHIR.A13G233000 GOHIR.D01G048400 GOHIR.D02G205600 GOHIR.D03G139700 GOHIR.D04G141800 GOHIR.D05G013000 GOHIR.D05G096100 GOHIR.D05G107400 GOHIR.D06G036100 GOHIR.D06G065400 GOHIR.D08G049800 GOHIR.D08G218300 GOHIR.D10G234600 GOHIR.D11G139900 GOHIR.D11G205600 GOHIR.D12G125500 GOHIR.D13G044200 GOHIR.D13G238600"
